aarfra,amt,By/sogn,Befollkningstal,Type
1850,Aalborg,Aalborg Købstad,7772,Købstad
1850,Aalborg,Als,1623,Sogn
1850,Aalborg,Nørresundby,1511,Sogn
1850,Aalborg,Hals,1405,Sogn
1850,Aalborg,Løgsted,1386,Sogn
1850,Aalborg,Vadum,1268,Sogn
1850,Aalborg,Gunderup,1219,Sogn
1850,Aalborg,Nibe Købstad,1164,Købstad
1850,Aalborg,Vester Hassing,1098,Sogn
1850,Aalborg,Mou,1088,Sogn
1850,Aalborg,Nørre Tranders,1015,Sogn
1850,Aalborg,Øster Hassing,958,Sogn
1850,Aalborg,Ajstrup,956,Sogn
1850,Aalborg,Skelund,949,Sogn
1850,Aalborg,Bjørnsholm,945,Sogn
1850,Aalborg,Biersted,932,Sogn
1850,Aalborg,Astrup,855,Sogn
1850,Aalborg,Ulsted,834,Sogn
1850,Aalborg,Visborg,827,Sogn
1850,Aalborg,Sulsted,805,Sogn
1850,Aalborg,Farstrup,802,Sogn
1850,Aalborg,Sebber,793,Sogn
1850,Aalborg,Gudum,782,Sogn
1850,Aalborg,Bælum,777,Sogn
1850,Aalborg,Hammer,753,Sogn
1850,Aalborg,Vokslev,733,Sogn
1850,Aalborg,Solbjerg,729,Sogn
1850,Aalborg,Ove,725,Sogn
1850,Aalborg,Aaby,693,Sogn
1850,Aalborg,Ravnkilde,692,Sogn
1850,Aalborg,Horsens,664,Sogn
1850,Aalborg,Farsø,656,Sogn
1850,Aalborg,Budolfi Landsogn,623,Delsogn
1850,Aalborg,Hørby,593,Sogn
1850,Aalborg,Sønderholm,581,Sogn
1850,Aalborg,Øster Hornum,571,Sogn
1850,Aalborg,Skørping,570,Sogn
1850,Aalborg,Veggerby,563,Sogn
1850,Aalborg,Nørholm,558,Sogn
1850,Aalborg,Aars,542,Sogn
1850,Aalborg,Bislev,541,Sogn
1850,Aalborg,Rostrup,530,Sogn
1850,Aalborg,Strandby,529,Sogn
1850,Aalborg,Vive,524,Sogn
1850,Aalborg,Blenstrup,524,Sogn
1850,Aalborg,Aarestrup,523,Sogn
1850,Aalborg,Valsgaard,520,Sogn
1850,Aalborg,Næsborg,506,Sogn
1850,Aalborg,Buderup,482,Sogn
1850,Aalborg,Store Brøndum,476,Sogn
1850,Aalborg,Lyngby,471,Sogn
1850,Aalborg,Skarp Salling,461,Sogn
1850,Aalborg,Nøvling,452,Sogn
1850,Aalborg,Hvorup,434,Sogn
1850,Aalborg,Skibsted,433,Sogn
1850,Aalborg,Nørre Kongerslev,432,Sogn
1850,Aalborg,Vognsild,424,Sogn
1850,Aalborg,Ejdrup,421,Sogn
1850,Aalborg,Vebbestrup,413,Sogn
1850,Aalborg,Storvorde,407,Sogn
1850,Aalborg,Sønder Tranders,407,Sogn
1850,Aalborg,Fræer,396,Sogn
1850,Aalborg,Store Ajstrup,390,Sogn
1850,Aalborg,Gravlev,389,Sogn
1850,Aalborg,Ulstrup,387,Sogn
1850,Aalborg,Lovns,385,Sogn
1850,Aalborg,Blære,368,Sogn
1850,Aalborg,Vilsted,366,Sogn
1850,Aalborg,Svenstrup,359,Sogn
1850,Aalborg,Sønderup,326,Sogn
1850,Aalborg,Rold,326,Sogn
1850,Aalborg,Skivum,306,Sogn
1850,Aalborg,Torup,295,Sogn
1850,Aalborg,Ferslev,293,Sogn
1850,Aalborg,Sønder Kongerslev,290,Sogn
1850,Aalborg,Gundersted,274,Sogn
1850,Aalborg,Brorstrup,272,Sogn
1850,Aalborg,Vindblæs,270,Sogn
1850,Aalborg,Suldrup,270,Sogn
1850,Aalborg,Lundby,269,Sogn
1850,Aalborg,Døstrup,268,Sogn
1850,Aalborg,Store Arden,266,Sogn
1850,Aalborg,Lillevorde,263,Sogn
1850,Aalborg,Kornum,260,Sogn
1850,Aalborg,Alstrup,260,Sogn
1850,Aalborg,Gislum,255,Sogn
1850,Aalborg,Havbro,250,Sogn
1850,Aalborg,Stenild,249,Sogn
1850,Aalborg,Romdrup,239,Sogn
1850,Aalborg,Haverslev,229,Sogn
1850,Aalborg,Kongens Tisted,228,Sogn
1850,Aalborg,Komdrup,228,Sogn
1850,Aalborg,Klarup,226,Sogn
1850,Aalborg,Sejlflod,223,Sogn
1850,Aalborg,Oudrup,213,Sogn
1850,Aalborg,Ullits,211,Sogn
1850,Aalborg,Durup,210,Sogn
1850,Aalborg,Frejlev,209,Sogn
1850,Aalborg,Vester Hornum,207,Sogn
1850,Aalborg,Fovlum,206,Sogn
1850,Aarhus,Aarhus Købstad,7883,Købstad
1850,Aarhus,Odder,2210,Sogn
1850,Aarhus,Hundslund,1419,Sogn
1850,Aarhus,Gylling,1105,Sogn
1850,Aarhus,Kolt,1024,Sogn
1850,Aarhus,Malling,960,Sogn
1850,Aarhus,Tiset,902,Sogn
1850,Aarhus,Falling,835,Sogn
1850,Aarhus,Foldby,820,Sogn
1850,Aarhus,Maarslet,817,Sogn
1850,Aarhus,Vejlby,785,Sogn
1850,Aarhus,Framlev,763,Sogn
1850,Aarhus,Holme,723,Sogn
1850,Aarhus,Bjerager,707,Sogn
1850,Aarhus,Brabrand,706,Sogn
1850,Aarhus,Randlev,690,Sogn
1850,Aarhus,Trige,647,Sogn
1850,Aarhus,Viby,642,Sogn
1850,Aarhus,Lading,630,Sogn
1850,Aarhus,Galten (Sønder),612,Sogn
1850,Aarhus,Astrup,596,Sogn
1850,Aarhus,Storring,593,Sogn
1850,Aarhus,Gosmer,590,Sogn
1850,Aarhus,Skivholme,587,Sogn
1850,Aarhus,Grundfør,587,Sogn
1850,Aarhus,Ørting,549,Sogn
1850,Aarhus,Saksild,548,Sogn
1850,Aarhus,Torrild,544,Sogn
1850,Aarhus,Søften,535,Sogn
1850,Aarhus,Sjelle,527,Sogn
1850,Aarhus,Lyngaa,508,Sogn
1850,Aarhus,Tilst,499,Sogn
1850,Aarhus,Harlev,498,Sogn
1850,Aarhus,Haldum,498,Sogn
1850,Aarhus,Hvilsted,486,Sogn
1850,Aarhus,Beder,474,Sogn
1850,Aarhus,Lisbjerg,451,Sogn
1850,Aarhus,Ormslev,418,Sogn
1850,Aarhus,Elsted,406,Sogn
1850,Aarhus,Skovby,399,Sogn
1850,Aarhus,Borum,373,Sogn
1850,Aarhus,Sabro,368,Sogn
1850,Aarhus,Skørring,359,Sogn
1850,Aarhus,Tranbjerg,327,Sogn
1850,Aarhus,Nølev,326,Sogn
1850,Aarhus,Spørring,325,Sogn
1850,Aarhus,Stjær,310,Sogn
1850,Aarhus,Sønder Aarslev,306,Sogn
1850,Aarhus,Alrø,291,Sogn
1850,Aarhus,Halling,288,Sogn
1850,Aarhus,Vitten,286,Sogn
1850,Aarhus,Tulstrup,286,Sogn
1850,Aarhus,Hadsten,276,Sogn
1850,Aarhus,Hasle,264,Sogn
1850,Aarhus,Faarup,247,Sogn
1850,Aarhus,Aaby,237,Sogn
1850,Aarhus,Tunø,213,Sogn
1850,Aarhus,Ølsted,210,Sogn
1850,Bornholm,Rønne Købstad,4717,Købstad
1850,Bornholm,Aaker,1956,Sogn
1850,Bornholm,Østermarie,1914,Sogn
1850,Bornholm,Klemensker,1840,Sogn
1850,Bornholm,Vestermarie,1600,Sogn
1850,Bornholm,Neksø Købstad,1403,Købstad
1850,Bornholm,Ibsker,1391,Sogn
1850,Bornholm,Østerlarsker,1241,Sogn
1850,Bornholm,Povlsker,1076,Sogn
1850,Bornholm,Rutsker,1073,Sogn
1850,Bornholm,Svaneke Købstad,1040,Købstad
1850,Bornholm,Nyker,983,Sogn
1850,Bornholm,Bodilsker,952,Sogn
1850,Bornholm,Pedersker,945,Sogn
1850,Bornholm,Olsker,868,Sogn
1850,Bornholm,Hasle Købstad,853,Købstad
1850,Bornholm,Nylarsker,776,Sogn
1850,Bornholm,Allinge Købstad,609,Købstad
1850,Bornholm,Rø,597,Sogn
1850,Bornholm,Aakirkeby Købstad,561,Købstad
1850,Bornholm,Knudsker,500,Sogn
1850,Bornholm,Gudhjem,402,Sogn
1850,Bornholm,Christiansø,363,Sogn
1850,Bornholm,Sandvig Købstad,299,Sogn
1850,Frederiksborg,Helsingør Købstad,8109,Købstad
1850,Frederiksborg,Tikøb,4774,Sogn
1850,Frederiksborg,Asminderød,3388,Sogn
1850,Frederiksborg,Birkerød,2570,Sogn
1850,Frederiksborg,Karlebo,2492,Sogn
1850,Frederiksborg,Hillerød Købstad,1932,Købstad
1850,Frederiksborg,Græsted,1536,Sogn
1850,Frederiksborg,Hørsholm,1471,Sogn
1850,Frederiksborg,Draaby,1426,Sogn
1850,Frederiksborg,Torup,1405,Sogn
1850,Frederiksborg,Blovstrød,1373,Sogn
1850,Frederiksborg,Stenløse,1355,Sogn
1850,Frederiksborg,Esbønderup,1333,Sogn
1850,Frederiksborg,Helsinge,1314,Sogn
1850,Frederiksborg,Nørre Herlev,1297,Sogn
1850,Frederiksborg,Slangerup,1267,Sogn
1850,Frederiksborg,Alsønderup,1232,Sogn
1850,Frederiksborg,Vinderød,1231,Sogn
1850,Frederiksborg,Vejby,1219,Sogn
1850,Frederiksborg,Ferslev,1211,Sogn
1850,Frederiksborg,Uggeløse,1159,Sogn
1850,Frederiksborg,Søborg,1154,Sogn
1850,Frederiksborg,Grønholt,1148,Sogn
1850,Frederiksborg,Lille Lyngby,1123,Sogn
1850,Frederiksborg,Farum,1112,Sogn
1850,Frederiksborg,Jørlunde,1090,Sogn
1850,Frederiksborg,Kregme,1047,Sogn
1850,Frederiksborg,Frederiksborg Slot,1046,Sogn
1850,Frederiksborg,Melby,1024,Sogn
1850,Frederiksborg,Lynge,1014,Sogn
1850,Frederiksborg,Ganløse,981,Sogn
1850,Frederiksborg,Blistrup,930,Sogn
1850,Frederiksborg,Selsø,922,Sogn
1850,Frederiksborg,Hellebæk,921,Sogn
1850,Frederiksborg,Ramløse,900,Sogn
1850,Frederiksborg,Skuldelev,888,Sogn
1850,Frederiksborg,Ølsted,876,Sogn
1850,Frederiksborg,Tjæreby,865,Sogn
1850,Frederiksborg,Maarum,840,Sogn
1850,Frederiksborg,Annisse,808,Sogn
1850,Frederiksborg,Ølstykke,782,Sogn
1850,Frederiksborg,Gerlev,742,Sogn
1850,Frederiksborg,Strø,741,Sogn
1850,Frederiksborg,Skibby,740,Sogn
1850,Frederiksborg,Fredensborg Slot,680,Sogn
1850,Frederiksborg,Ude Sundby Landdistrikt,659,Delsogn
1850,Frederiksborg,Krogstrup,657,Sogn
1850,Frederiksborg,Valby,629,Sogn
1850,Frederiksborg,Hornbæk,614,Sogn
1850,Frederiksborg,Frederikssund Købstad,612,Købstad
1850,Frederiksborg,Gørløse,580,Sogn
1850,Frederiksborg,Uvelse,528,Sogn
1850,Frederiksborg,Skævinge,510,Sogn
1850,Frederiksborg,Gilleleje,492,Sogn
1850,Frederiksborg,Slagslunde,485,Sogn
1850,Frederiksborg,Nødebo,472,Sogn
1850,Frederiksborg,Snostrup,457,Sogn
1850,Frederiksborg,Græse,444,Sogn
1850,Frederiksborg,Kyndby,416,Sogn
1850,Frederiksborg,Lillerød,412,Sogn
1850,Frederiksborg,Tibirke,400,Sogn
1850,Frederiksborg,Oppesundby,381,Sogn
1850,Frederiksborg,Veksø,351,Sogn
1850,Frederiksborg,Sigerslevvester,206,Sogn
1850,Færøerne,Tórshavn,841,Sogn
1850,Færøerne,Strendur (Sjov),389,Sogn
1850,Færøerne,"Nes, Eysturoy",352,Sogn
1850,Færøerne,Eidi,298,Sogn
1850,Færøerne,Sandur,281,Sogn
1850,Færøerne,Vaag (Klaksvig),278,Sogn
1850,Færøerne,Fuglafjørdur,270,Sogn
1850,Færøerne,Midvágur,261,Sogn
1850,Færøerne,Frodba,260,Sogn
1850,Færøerne,Kvalba,260,Sogn
1850,Færøerne,Tjørnuvík,259,Sogn
1850,Færøerne,Porkeri,245,Sogn
1850,Færøerne,Sumba,245,Sogn
1850,Færøerne,Árnafjørdur,235,Sogn
1850,Færøerne,Gøta,233,Sogn
1850,Færøerne,Kollafjørdur,228,Sogn
1850,Færøerne,Funningur,217,Sogn
1850,Færøerne,Kirkjubøur,211,Sogn
1850,Færøerne,Kvívík,210,Sogn
1850,Haderslev,Skodborg (Kongerigsk),347,Sogn
1850,Hjørring,Dronninglund,4198,Sogn
1850,Hjørring,Hjørring Købstad,1919,Købstad
1850,Hjørring,Albæk,1814,Sogn
1850,Hjørring,Vrejlev,1794,Sogn
1850,Hjørring,Taars,1768,Sogn
1850,Hjørring,Jerslev,1743,Sogn
1850,Hjørring,Elling,1572,Sogn
1850,Hjørring,Jetsmark,1507,Sogn
1850,Hjørring,Frederikshavn Købstad,1461,Købstad
1850,Hjørring,Torslev,1418,Sogn
1850,Hjørring,Skagen Købstad,1401,Købstad
1850,Hjørring,Brovst,1374,Sogn
1850,Hjørring,Saltum,1373,Sogn
1850,Hjørring,Flade,1250,Sogn
1850,Hjørring,Voer,1171,Sogn
1850,Hjørring,Øster Brønderslev,1145,Sogn
1850,Hjørring,Ugilt,1141,Sogn
1850,Hjørring,Volstrup,1029,Sogn
1850,Hjørring,Skæve,1008,Sogn
1850,Hjørring,Raabjerg,992,Sogn
1850,Hjørring,Vester Brønderslev,981,Sogn
1850,Hjørring,Børglum,962,Sogn
1850,Hjørring,Vrensted,946,Sogn
1850,Hjørring,Sankt Olai,922,Sogn
1850,Hjørring,Hørby,916,Sogn
1850,Hjørring,Hellevad,909,Sogn
1850,Hjørring,Sæby Købstad,895,Købstad
1850,Hjørring,Aasted,872,Sogn
1850,Hjørring,Bindslev,854,Sogn
1850,Hjørring,Vesterø,848,Sogn
1850,Hjørring,Sindal,843,Sogn
1850,Hjørring,Tise,838,Sogn
1850,Hjørring,Tolstrup,838,Sogn
1850,Hjørring,Byrum,825,Sogn
1850,Hjørring,Torslev,819,Sogn
1850,Hjørring,Tranum,817,Sogn
1850,Hjørring,Mosbjerg,801,Sogn
1850,Hjørring,Tversted,799,Sogn
1850,Hjørring,Ingstrup,788,Sogn
1850,Hjørring,Tornby,761,Sogn
1850,Hjørring,Hune,760,Sogn
1850,Hjørring,Hørmested,757,Sogn
1850,Hjørring,Sankt Hans,748,Sogn
1850,Hjørring,Serritslev,739,Sogn
1850,Hjørring,Hals,721,Sogn
1850,Hjørring,Haverslev,716,Sogn
1850,Hjørring,Vennebjerg,715,Sogn
1850,Hjørring,Lendum,705,Sogn
1850,Hjørring,Vraa,691,Sogn
1850,Hjørring,Bejstrup,688,Sogn
1850,Hjørring,Furreby,686,Sogn
1850,Hjørring,Astrup,681,Sogn
1850,Hjørring,Bjergby,678,Sogn
1850,Hjørring,Aaby,663,Sogn
1850,Hjørring,Gjøl,661,Sogn
1850,Hjørring,Hallund,659,Sogn
1850,Hjørring,Mygdal,639,Sogn
1850,Hjørring,Horne,630,Sogn
1850,Hjørring,Øland,612,Sogn
1850,Hjørring,Understed,572,Sogn
1850,Hjørring,Rakkeby,566,Sogn
1850,Hjørring,Skallerup,559,Sogn
1850,Hjørring,Asdal,548,Sogn
1850,Hjørring,Jelstrup,541,Sogn
1850,Hjørring,Aggersborg,513,Sogn
1850,Hjørring,Tolne,503,Sogn
1850,Hjørring,Uggerby,489,Sogn
1850,Hjørring,Sejlstrup,442,Sogn
1850,Hjørring,Gærum,433,Sogn
1850,Hjørring,Ørum,410,Sogn
1850,Hjørring,Rubjerg,377,Sogn
1850,Hjørring,Vidstrup,363,Sogn
1850,Hjørring,Vester Hjermitslev,358,Sogn
1850,Hjørring,Hellum,340,Sogn
1850,Hjørring,Skærum,336,Sogn
1850,Hjørring,Maarup,334,Sogn
1850,Hjørring,Øster Svenstrup,327,Sogn
1850,Hjørring,Harritslev,318,Sogn
1850,Hjørring,Vejby,270,Sogn
1850,Hjørring,Stenum,267,Sogn
1850,Hjørring,Lerup,254,Sogn
1850,Hjørring,Em,247,Sogn
1850,Hjørring,Alstrup,241,Sogn
1850,Hjørring,Lyngby,238,Sogn
1850,Hjørring,Skræm,237,Sogn
1850,Hjørring,Hæstrup,221,Sogn
1850,Hjørring,Karup,202,Sogn
1850,Holbæk,Holbæk Købstad,2638,Købstad
1850,Holbæk,Kalundborg Købstad,2489,Købstad
1850,Holbæk,Højby,2379,Sogn
1850,Holbæk,Kundby,1685,Sogn
1850,Holbæk,Bregninge,1670,Sogn
1850,Holbæk,Tranebjerg,1666,Sogn
1850,Holbæk,Raklev,1609,Sogn
1850,Holbæk,Sæby,1590,Sogn
1850,Holbæk,Store Taastrup,1564,Sogn
1850,Holbæk,Vig,1516,Sogn
1850,Holbæk,Faarevejle,1441,Sogn
1850,Holbæk,Finderup,1409,Sogn
1850,Holbæk,Gierslev,1386,Sogn
1850,Holbæk,Nykøbing Sjælland Købstad,1284,Købstad
1850,Holbæk,Grevinge,1276,Sogn
1850,Holbæk,Aarby,1272,Sogn
1850,Holbæk,Undløse,1257,Sogn
1850,Holbæk,Kirke Helsinge,1202,Sogn
1850,Holbæk,Egebjerg,1189,Sogn
1850,Holbæk,Besser,1187,Sogn
1850,Holbæk,Tølløse,1186,Sogn
1850,Holbæk,Soderup,1115,Sogn
1850,Holbæk,Ubby,1104,Sogn
1850,Holbæk,Onsbjerg,1101,Sogn
1850,Holbæk,Skamstrup,990,Sogn
1850,Holbæk,Asnæs,987,Sogn
1850,Holbæk,Rørby,987,Sogn
1850,Holbæk,Tersløse,971,Sogn
1850,Holbæk,Vallekilde,970,Sogn
1850,Holbæk,Reerslev,939,Sogn
1850,Holbæk,Særslev,934,Sogn
1850,Holbæk,Tømmerup,928,Sogn
1850,Holbæk,Jyderup,909,Sogn
1850,Holbæk,Gørlev,908,Sogn
1850,Holbæk,Nordby,905,Sogn
1850,Holbæk,Svallerup,886,Sogn
1850,Holbæk,Kolby,856,Sogn
1850,Holbæk,Nørre Jernløse,855,Sogn
1850,Holbæk,Ugerløse,834,Sogn
1850,Holbæk,Stenlille,829,Sogn
1850,Holbæk,Udby,811,Sogn
1850,Holbæk,Viskinge,798,Sogn
1850,Holbæk,Mørkøv,791,Sogn
1850,Holbæk,Føllenslev,775,Sogn
1850,Holbæk,Hørby,773,Sogn
1850,Holbæk,Holmstrup,750,Sogn
1850,Holbæk,Niløse,749,Sogn
1850,Holbæk,Røsnæs,729,Sogn
1850,Holbæk,Ruds Vedby,725,Sogn
1850,Holbæk,Hjembæk,715,Sogn
1850,Holbæk,Værslev,691,Sogn
1850,Holbæk,Sønder Jernløse,686,Sogn
1850,Holbæk,Aagerup,680,Sogn
1850,Holbæk,Søndersted,679,Sogn
1850,Holbæk,Rørvig,677,Sogn
1850,Holbæk,Hagested,675,Sogn
1850,Holbæk,Kvanløse,648,Sogn
1850,Holbæk,Orø,643,Sogn
1850,Holbæk,Nørre Asmindrup,643,Sogn
1850,Holbæk,Svinninge,629,Sogn
1850,Holbæk,Tveje Merløse,625,Sogn
1850,Holbæk,Stigs Bjergby,616,Sogn
1850,Holbæk,Havrebjerg,611,Sogn
1850,Holbæk,Grandløse,602,Sogn
1850,Holbæk,Sønder Asmindrup,595,Sogn
1850,Holbæk,Jorløse,593,Sogn
1850,Holbæk,Sejerø,575,Sogn
1850,Holbæk,Odden,571,Sogn
1850,Holbæk,Store Fuglede,548,Sogn
1850,Holbæk,Ørslev,546,Sogn
1850,Holbæk,Gislinge,545,Sogn
1850,Holbæk,Drøsselbjerg,522,Sogn
1850,Holbæk,Eskilstrup,504,Sogn
1850,Holbæk,Tuse,494,Sogn
1850,Holbæk,Bjergsted,488,Sogn
1850,Holbæk,Hørve,484,Sogn
1850,Holbæk,Avnsø,481,Sogn
1850,Holbæk,Solbjerg,474,Sogn
1850,Holbæk,Hallenslev,461,Sogn
1850,Holbæk,Skellebjerg,445,Sogn
1850,Holbæk,Søstrup,431,Sogn
1850,Holbæk,Butterup,401,Sogn
1850,Holbæk,Lille Fuglede,378,Sogn
1850,Holbæk,Bakkendrup,243,Sogn
1850,Holbæk,Kalundborg Landdistrikt,214,Delsogn
1850,Holbæk,Frydendal,203,Sogn
1850,København,Taarnby,4522,Sogn
1850,København,Lyngby,3623,Sogn
1850,København,Gentofte,3068,Sogn
1850,København,Frederiksberg,2962,Sogn
1850,København,Søllerød,2705,Sogn
1850,København,Store Magleby,2309,Sogn
1850,København,Hvidovre,1846,Sogn
1850,København,Brønshøj,1551,Sogn
1850,København,Gladsakse,1537,Sogn
1850,København,Værløse,1430,Sogn
1850,København,Ballerup,1372,Sogn
1850,København,Høje Taastrup,1338,Sogn
1850,København,Sengeløse,1302,Sogn
1850,København,Glostrup,1066,Sogn
1850,København,Smørum,936,Sogn
1850,København,Herstedvester,906,Sogn
1850,København,Herlev,769,Sogn
1850,København,Ishøj,743,Sogn
1850,København,Brøndbyvester,704,Sogn
1850,København,Ledøje,535,Sogn
1850,København,Rødovre,534,Sogn
1850,København,Herstedøster,505,Sogn
1850,København,Brøndbyøster,486,Sogn
1850,København,Torslunde,448,Sogn
1850,København,Vallensbæk,412,Sogn
1850,København,Maaløv,325,Sogn
1850,Maribo,Nakskov Købstad,2959,Købstad
1850,Maribo,Toreby,2381,Sogn
1850,Maribo,Østofte,2237,Sogn
1850,Maribo,Nykøbing Falster,2124,Sogn
1850,Maribo,Stokkemarke,1805,Sogn
1850,Maribo,Horslunde,1786,Sogn
1850,Maribo,Maribo Købstad,1667,Købstad
1850,Maribo,Idestrup,1590,Sogn
1850,Maribo,Fejø,1544,Sogn
1850,Maribo,Rødby Købstad,1339,Købstad
1850,Maribo,Aastrup,1338,Sogn
1850,Maribo,Sandby,1285,Sogn
1850,Maribo,Vesterborg,1260,Sogn
1850,Maribo,Kettinge,1246,Sogn
1850,Maribo,Radsted,1237,Sogn
1850,Maribo,Birket,1158,Sogn
1850,Maribo,Hunseby,1136,Sogn
1850,Maribo,Horbelev,1125,Sogn
1850,Maribo,Tingsted,1101,Sogn
1850,Maribo,Halsted,1092,Sogn
1850,Maribo,Nysted Købstad,1091,Købstad
1850,Maribo,Stubbekøbing Købstad,1083,Købstad
1850,Maribo,Væggerløse,1083,Sogn
1850,Maribo,Nørre Vedby,1064,Sogn
1850,Maribo,Majbølle,1044,Sogn
1850,Maribo,Gundslev,1033,Sogn
1850,Maribo,Sakskøbing Landdistrikt,1016,Delsogn
1850,Maribo,Købelev,978,Sogn
1850,Maribo,Fuglse,945,Sogn
1850,Maribo,Utterslev,930,Sogn
1850,Maribo,Sakskøbing Købstad,916,Købstad
1850,Maribo,Taars,910,Sogn
1850,Maribo,Vestenskov,864,Sogn
1850,Maribo,Tillitse,857,Sogn
1850,Maribo,Vaabensted,848,Sogn
1850,Maribo,Slemminge,843,Sogn
1850,Maribo,Vester Ulslev,817,Sogn
1850,Maribo,Errindlev,795,Sogn
1850,Maribo,Eskilstrup,769,Sogn
1850,Maribo,Torkilstrup,754,Sogn
1850,Maribo,Kappel,732,Sogn
1850,Maribo,Ønslev,731,Sogn
1850,Maribo,Herritslev,721,Sogn
1850,Maribo,Vaalse,718,Sogn
1850,Maribo,Hillested,713,Sogn
1850,Maribo,Femø,702,Sogn
1850,Maribo,Nysted Landsogn,701,Delsogn
1850,Maribo,Skørringe,697,Sogn
1850,Maribo,Nørre Alslev,696,Sogn
1850,Maribo,Brarup,678,Sogn
1850,Maribo,Søllested,674,Sogn
1850,Maribo,Nykøbing Falster Landdistrikt,672,Delsogn
1850,Maribo,Tirsted,665,Sogn
1850,Maribo,Dannemare,634,Sogn
1850,Maribo,Ryde,633,Sogn
1850,Maribo,Branderslev,632,Sogn
1850,Maribo,Skelby,603,Sogn
1850,Maribo,Nørre Ørslev,600,Sogn
1850,Maribo,Landet,596,Sogn
1850,Maribo,Falkerslev,591,Sogn
1850,Maribo,Gedesby,590,Sogn
1850,Maribo,Gloslunde,583,Sogn
1850,Maribo,Øster Ulslev,565,Sogn
1850,Maribo,Kippinge,559,Sogn
1850,Maribo,Nebbelunde,534,Sogn
1850,Maribo,Sønder Kirkeby,529,Sogn
1850,Maribo,Maglebrænde,521,Sogn
1850,Maribo,Vindeby,509,Sogn
1850,Maribo,Arninge,501,Sogn
1850,Maribo,Systofte,472,Sogn
1850,Maribo,Avnede,446,Sogn
1850,Maribo,Lillebrænde,443,Sogn
1850,Maribo,Græshave,435,Sogn
1850,Maribo,Horreby,431,Sogn
1850,Maribo,Taagerup,424,Sogn
1850,Maribo,Karleby,420,Sogn
1850,Maribo,Bursø,418,Sogn
1850,Maribo,Herredskirke,410,Sogn
1850,Maribo,Holeby,405,Sogn
1850,Maribo,Vejleby,395,Sogn
1850,Maribo,Bregninge,392,Sogn
1850,Maribo,Vigsnæs,385,Sogn
1850,Maribo,Nørre Kirkeby,377,Sogn
1850,Maribo,Fjelde,349,Sogn
1850,Maribo,Stadager,333,Sogn
1850,Maribo,Olstrup,328,Sogn
1850,Maribo,Engestofte,318,Sogn
1850,Maribo,Krønge,306,Sogn
1850,Maribo,Døllefjelde,301,Sogn
1850,Maribo,Musse,281,Sogn
1850,Maribo,Sædinge,275,Sogn
1850,Maribo,Godsted,267,Sogn
1850,Maribo,Torslunde,248,Sogn
1850,Maribo,Askø,239,Sogn
1850,Maribo,Skovlænge,237,Sogn
1850,Maribo,Sønder Alslev,233,Sogn
1850,Maribo,Løjtofte,230,Sogn
1850,Maribo,Nakskov Landsogn,214,Delsogn
1850,Maribo,Gurreby,203,Sogn
1850,Odense,Odense Købstad,11126,Købstad
1850,Odense,Vissenbjerg,3015,Sogn
1850,Odense,Assens Købstad,2847,Købstad
1850,Odense,Vejlby,1868,Sogn
1850,Odense,Kerteminde Købstad,1846,Købstad
1850,Odense,Haarby,1835,Sogn
1850,Odense,Lumby,1733,Sogn
1850,Odense,Brenderup,1728,Sogn
1850,Odense,Haarslev,1647,Sogn
1850,Odense,Middelfart Købstad,1635,Købstad
1850,Odense,Veflinge,1551,Sogn
1850,Odense,Bogense Købstad,1498,Købstad
1850,Odense,Fraugde,1425,Sogn
1850,Odense,Køng,1388,Sogn
1850,Odense,Vigerslev,1380,Sogn
1850,Odense,Tommerup,1338,Sogn
1850,Odense,Sanderum,1338,Sogn
1850,Odense,Gamtofte,1302,Sogn
1850,Odense,Asperup,1285,Sogn
1850,Odense,Nørre Lyndelse,1281,Sogn
1850,Odense,Verninge,1234,Sogn
1850,Odense,Orte,1233,Sogn
1850,Odense,Brylle,1201,Sogn
1850,Odense,Ubberud,1168,Sogn
1850,Odense,Skovby,1167,Sogn
1850,Odense,Flemløse,1148,Sogn
1850,Odense,Særslev,1138,Sogn
1850,Odense,Kærum,1108,Sogn
1850,Odense,Kølstrup,1090,Sogn
1850,Odense,Dreslette,1089,Sogn
1850,Odense,Krogsbølle,1059,Sogn
1850,Odense,Fjelsted,1056,Sogn
1850,Odense,Gelsted,1033,Sogn
1850,Odense,Rynkeby,1033,Sogn
1850,Odense,Munkebo,1024,Sogn
1850,Odense,Kerte,974,Sogn
1850,Odense,Kavslunde,969,Sogn
1850,Odense,Mesinge,930,Sogn
1850,Odense,Skamby,889,Sogn
1850,Odense,Søndersø,885,Sogn
1850,Odense,Viby,880,Sogn
1850,Odense,Norup,844,Sogn
1850,Odense,Husby,837,Sogn
1850,Odense,Paarup,832,Sogn
1850,Odense,Stubberup,790,Sogn
1850,Odense,Harndrup,776,Sogn
1850,Odense,Sønder Næraa,729,Sogn
1850,Odense,Rørup,726,Sogn
1850,Odense,Næsbyhoved Broby,693,Sogn
1850,Odense,Turup,680,Sogn
1850,Odense,Skydebjerg,678,Sogn
1850,Odense,Rønninge,675,Sogn
1850,Odense,Barløse,675,Sogn
1850,Odense,Skeby,673,Sogn
1850,Odense,Fangel,651,Sogn
1850,Odense,Sønderby,643,Sogn
1850,Odense,Marslev,627,Sogn
1850,Odense,Lunde,616,Sogn
1850,Odense,Klinte,615,Sogn
1850,Odense,Ingslev,613,Sogn
1850,Odense,Hjadstrup,610,Sogn
1850,Odense,Otterup,607,Sogn
1850,Odense,Tanderup,607,Sogn
1850,Odense,Rolsted,600,Sogn
1850,Odense,Grindløse,596,Sogn
1850,Odense,Dalby,595,Sogn
1850,Odense,Nørre Sandager,583,Sogn
1850,Odense,Dalum,567,Sogn
1850,Odense,Bellinge,566,Sogn
1850,Odense,Birkende,562,Sogn
1850,Odense,Nørre Aaby,553,Sogn
1850,Odense,Udby,551,Sogn
1850,Odense,Korup,546,Sogn
1850,Odense,Stenløse,535,Sogn
1850,Odense,Føns,533,Sogn
1850,Odense,Nørre Næraa,529,Sogn
1850,Odense,Agedrup,528,Sogn
1850,Odense,Ørsted,515,Sogn
1850,Odense,Østrup,503,Sogn
1850,Odense,Sankt Hans Landsogn,492,Delsogn
1850,Odense,Revninge,490,Sogn
1850,Odense,Vor Frue,480,Sogn
1850,Odense,Ore,478,Sogn
1850,Odense,Drigstrup,474,Sogn
1850,Odense,Brændekilde,473,Sogn
1850,Odense,Ejby,455,Sogn
1850,Odense,Rorslev,427,Sogn
1850,Odense,Aasum,420,Sogn
1850,Odense,Ørslev,409,Sogn
1850,Odense,Søby,405,Sogn
1850,Odense,Allerup,405,Sogn
1850,Odense,Allesø,404,Sogn
1850,Odense,Højby,401,Sogn
1850,Odense,Nørre Søby,389,Sogn
1850,Odense,Balslev,388,Sogn
1850,Odense,Søllested,384,Sogn
1850,Odense,Sandager,378,Sogn
1850,Odense,Uggerslev,377,Sogn
1850,Odense,Helnæs,372,Sogn
1850,Odense,Davinde,334,Sogn
1850,Odense,Sankt Knuds,323,Sogn
1850,Odense,Melby,317,Sogn
1850,Odense,Holevad,301,Sogn
1850,Odense,Bederslev,299,Sogn
1850,Odense,Vedtofte,293,Sogn
1850,Odense,Gamborg,289,Sogn
1850,Odense,Seden,282,Sogn
1850,Odense,Ejlby,279,Sogn
1850,Odense,Baagø,267,Sogn
1850,Odense,Middelfart Landdistrikt,247,Delsogn
1850,Præstø,Kalvehave,2876,Sogn
1850,Præstø,Næstved Købstad,2744,Købstad
1850,Præstø,Fakse,2663,Sogn
1850,Præstø,Fanefjord,2144,Sogn
1850,Præstø,Herfølge,2005,Sogn
1850,Præstø,Stege Købstad,1808,Købstad
1850,Præstø,Stege Landdistrikt,1797,Delsogn
1850,Præstø,Damsholte,1764,Sogn
1850,Præstø,Kongsted,1625,Sogn
1850,Præstø,Vordingborg Købstad,1576,Købstad
1850,Præstø,Køng,1547,Sogn
1850,Præstø,Herlufmagle,1530,Sogn
1850,Præstø,Magleby,1495,Sogn
1850,Præstø,Snesere,1489,Sogn
1850,Præstø,Toksværd,1481,Sogn
1850,Præstø,Vordingborg Landsogn,1408,Delsogn
1850,Præstø,Store Heddinge Landsogn,1401,Delsogn
1850,Præstø,Everdrup,1377,Sogn
1850,Præstø,Keldby,1322,Sogn
1850,Præstø,Sønder Dalby,1320,Sogn
1850,Præstø,Hammer,1287,Sogn
1850,Præstø,Øster Egesborg,1219,Sogn
1850,Præstø,Allerslev,1174,Sogn
1850,Præstø,Sværdborg,1138,Sogn
1850,Præstø,Mern,1138,Sogn
1850,Præstø,Borre,1119,Sogn
1850,Præstø,Magleby Stevns,1082,Sogn
1850,Præstø,Store Heddinge Købstad,1053,Købstad
1850,Præstø,Jungshoved,1043,Sogn
1850,Præstø,Bogø,1028,Sogn
1850,Præstø,Hellested,1015,Sogn
1850,Præstø,Vejlø,985,Sogn
1850,Præstø,Roholte,957,Sogn
1850,Præstø,Præstø Købstad,951,Købstad
1850,Præstø,Kastrup,945,Sogn
1850,Præstø,Holtug,930,Sogn
1850,Præstø,Strøby,927,Sogn
1850,Præstø,Skelby,861,Sogn
1850,Præstø,Elmelunde,848,Sogn
1850,Præstø,Gørslev,844,Sogn
1850,Præstø,Ørslev,838,Sogn
1850,Præstø,Lyderslev,837,Sogn
1850,Præstø,Karise,828,Sogn
1850,Præstø,Sædder,825,Sogn
1850,Præstø,Skibinge,822,Sogn
1850,Præstø,Glumsø,821,Sogn
1850,Præstø,Fensmark,788,Sogn
1850,Præstø,Haarlev,771,Sogn
1850,Præstø,Baarse,766,Sogn
1850,Præstø,Næstelsø,761,Sogn
1850,Præstø,Smerup,752,Sogn
1850,Præstø,Tybjerg,718,Sogn
1850,Præstø,Udby,704,Sogn
1850,Præstø,Rønnebæk,664,Sogn
1850,Præstø,Beldringe,661,Sogn
1850,Præstø,Bjæverskov,649,Sogn
1850,Præstø,Endeslev,620,Sogn
1850,Præstø,Vester Egede,613,Sogn
1850,Præstø,Holme Olstrup,610,Sogn
1850,Præstø,Næsby,573,Sogn
1850,Præstø,Ulse,558,Sogn
1850,Præstø,Sandby,553,Sogn
1850,Præstø,Lundby,544,Sogn
1850,Præstø,Vester Egesborg,513,Sogn
1850,Præstø,Havnelev,510,Sogn
1850,Præstø,Frøslev,496,Sogn
1850,Præstø,Vollerslev,487,Sogn
1850,Præstø,Lille Heddinge,486,Sogn
1850,Præstø,Spjellerup,454,Sogn
1850,Præstø,Tureby,449,Sogn
1850,Præstø,Rislev,409,Sogn
1850,Præstø,Alslev,380,Sogn
1850,Præstø,Mogenstrup,368,Sogn
1850,Præstø,Lellinge,365,Sogn
1850,Præstø,Valløby,360,Sogn
1850,Præstø,Taarnby,357,Sogn
1850,Præstø,Himlingøje,349,Sogn
1850,Præstø,Aversi,347,Sogn
1850,Præstø,Lidemark,344,Sogn
1850,Præstø,Tyvelse,334,Sogn
1850,Præstø,Højerup,329,Sogn
1850,Præstø,Vraaby,328,Sogn
1850,Præstø,Øster Egede,304,Sogn
1850,Præstø,Sankt Mortens,297,Sogn
1850,Præstø,Varpelev,297,Sogn
1850,Præstø,Nyord,282,Sogn
1850,Præstø,Vemmetofte,265,Sogn
1850,Præstø,Bavelse,206,Sogn
1850,Randers,Randers Købstad,7337,Købstad
1850,Randers,Ørsted,1443,Sogn
1850,Randers,Draaby,1359,Sogn
1850,Randers,Kristrup,1258,Sogn
1850,Randers,Hobro Købstad,1171,Købstad
1850,Randers,Ebeltoft Købstad,1113,Købstad
1850,Randers,Grenaa Købstad,1100,Købstad
1850,Randers,Lyngby,1052,Sogn
1850,Randers,Hornslet,1017,Sogn
1850,Randers,Tved,985,Sogn
1850,Randers,Øster Tørslev,882,Sogn
1850,Randers,Aalsø,858,Sogn
1850,Randers,Udbyneder,850,Sogn
1850,Randers,Mørke,845,Sogn
1850,Randers,Thorsager,844,Sogn
1850,Randers,Vivild,827,Sogn
1850,Randers,Skødstrup,821,Sogn
1850,Randers,Virring,816,Sogn
1850,Randers,Nødager,804,Sogn
1850,Randers,Todbjerg,785,Sogn
1850,Randers,Bregnet,763,Sogn
1850,Randers,Nørre Galten,727,Sogn
1850,Randers,Feldballe,713,Sogn
1850,Randers,Ørum (Djurs),690,Sogn
1850,Randers,Egaa,683,Sogn
1850,Randers,Mariager Landsogn,683,Delsogn
1850,Randers,Vindblæs,680,Sogn
1850,Randers,Vistoft,679,Sogn
1850,Randers,Ødum,670,Sogn
1850,Randers,Fausing,666,Sogn
1850,Randers,Glesborg,662,Sogn
1850,Randers,Borup,658,Sogn
1850,Randers,Hørning,653,Sogn
1850,Randers,Helgenæs,642,Sogn
1850,Randers,Hyllested,637,Sogn
1850,Randers,Tirstrup,634,Sogn
1850,Randers,Holbæk,613,Sogn
1850,Randers,Essenbæk,599,Sogn
1850,Randers,Gjesing,586,Sogn
1850,Randers,Voldby,584,Sogn
1850,Randers,Haslund,576,Sogn
1850,Randers,Gjerrild,559,Sogn
1850,Randers,Agri,557,Sogn
1850,Randers,Harridslev,554,Sogn
1850,Randers,Mariager Købstad,546,Købstad
1850,Randers,Gassum,529,Sogn
1850,Randers,Ølst,527,Sogn
1850,Randers,Raaby,525,Sogn
1850,Randers,Hald,525,Sogn
1850,Randers,Ørum,524,Sogn
1850,Randers,Nørager,524,Sogn
1850,Randers,Rosmus,522,Sogn
1850,Randers,Voldum,511,Sogn
1850,Randers,Vorup,491,Sogn
1850,Randers,Koed,487,Sogn
1850,Randers,Lime,476,Sogn
1850,Randers,Homaa,474,Sogn
1850,Randers,Spentrup,473,Sogn
1850,Randers,Marie Magdalene,469,Sogn
1850,Randers,Asferg,454,Sogn
1850,Randers,Glenstrup,454,Sogn
1850,Randers,Hjortshøj,451,Sogn
1850,Randers,Ginnerup,449,Sogn
1850,Randers,Albæk,441,Sogn
1850,Randers,Hvilsager,434,Sogn
1850,Randers,Gjerlev,420,Sogn
1850,Randers,Hem,417,Sogn
1850,Randers,Laurbjerg,416,Sogn
1850,Randers,Rolsø,406,Sogn
1850,Randers,Vejlby,406,Sogn
1850,Randers,Albøge,402,Sogn
1850,Randers,Rud,401,Sogn
1850,Randers,Estruplund,398,Sogn
1850,Randers,Hammelev,396,Sogn
1850,Randers,Hoed,396,Sogn
1850,Randers,Krogsbæk,392,Sogn
1850,Randers,Gammelsogn,390,Sogn
1850,Randers,Fuglslev,386,Sogn
1850,Randers,Værum,382,Sogn
1850,Randers,Auning,380,Sogn
1850,Randers,Tøstrup,376,Sogn
1850,Randers,Kastbjerg,375,Sogn
1850,Randers,Vissing,375,Sogn
1850,Randers,Gimming,374,Sogn
1850,Randers,Hadbjerg,372,Sogn
1850,Randers,Vejlby,363,Sogn
1850,Randers,Nimtofte,356,Sogn
1850,Randers,Mejlby,345,Sogn
1850,Randers,Mellerup,337,Sogn
1850,Randers,Voer,331,Sogn
1850,Randers,Hvornum,328,Sogn
1850,Randers,Fjellerup,323,Sogn
1850,Randers,Rimsø,316,Sogn
1850,Randers,Støvring,314,Sogn
1850,Randers,Aarslev,306,Sogn
1850,Randers,Tvede,301,Sogn
1850,Randers,Udby,298,Sogn
1850,Randers,Skader,286,Sogn
1850,Randers,Kastbjerg,282,Sogn
1850,Randers,Knebel,280,Sogn
1850,Randers,Sødring,279,Sogn
1850,Randers,Linde,278,Sogn
1850,Randers,Veggerslev,277,Sogn
1850,Randers,Dalbyover,274,Sogn
1850,Randers,Søby,274,Sogn
1850,Randers,Øster Alling,272,Sogn
1850,Randers,Raasted,271,Sogn
1850,Randers,Falslev,267,Sogn
1850,Randers,Dalbyneder,265,Sogn
1850,Randers,Svenstrup,261,Sogn
1850,Randers,Sønder Onsild,258,Sogn
1850,Randers,Skarresø,251,Sogn
1850,Randers,Hemmed,247,Sogn
1850,Randers,Skjellerup,244,Sogn
1850,Randers,Kousted,242,Sogn
1850,Randers,Lem,236,Sogn
1850,Randers,Karlby,232,Sogn
1850,Randers,Faarup,220,Sogn
1850,Randers,Enslev,215,Sogn
1850,Randers,Kolind,212,Sogn
1850,Randers,Sem,208,Sogn
1850,Randers,Enslev,205,Sogn
1850,Randers,Halling,205,Sogn
1850,Ribe,Ribe Købstad,2985,Købstad
1850,Ribe,Nordby,1852,Sogn
1850,Ribe,Varde Købstad,1771,Købstad
1850,Ribe,Ølgod,1456,Sogn
1850,Ribe,Lejrskov,1294,Sogn
1850,Ribe,Føvling,1250,Sogn
1850,Ribe,Andst,1080,Sogn
1850,Ribe,Vamdrup,1075,Sogn
1850,Ribe,Skanderup,1061,Sogn
1850,Ribe,Sønderho,988,Sogn
1850,Ribe,Aal,972,Sogn
1850,Ribe,Gørding,903,Sogn
1850,Ribe,Guldager,889,Sogn
1850,Ribe,Malt,860,Sogn
1850,Ribe,Henne,842,Sogn
1850,Ribe,Gesten,807,Sogn
1850,Ribe,Ansager,798,Sogn
1850,Ribe,Oksby,787,Sogn
1850,Ribe,Brørup,751,Sogn
1850,Ribe,Ovtrup,739,Sogn
1850,Ribe,Janderup,739,Sogn
1850,Ribe,Vilslev,722,Sogn
1850,Ribe,Horne,721,Sogn
1850,Ribe,Seest (Kongerigsk),687,Sogn
1850,Ribe,Vejen,667,Sogn
1850,Ribe,Jernved,663,Sogn
1850,Ribe,Vorbasse,659,Sogn
1850,Ribe,Jerne,654,Sogn
1850,Ribe,Faaborg,652,Sogn
1850,Ribe,Tjæreborg,649,Sogn
1850,Ribe,Darum,645,Sogn
1850,Ribe,Bryndum,634,Sogn
1850,Ribe,Grimstrup,628,Sogn
1850,Ribe,Lunde,615,Sogn
1850,Ribe,Grindsted,610,Sogn
1850,Ribe,Tistrup,609,Sogn
1850,Ribe,Bække,591,Sogn
1850,Ribe,Lindknud,584,Sogn
1850,Ribe,Holsted,577,Sogn
1850,Ribe,Læborg,574,Sogn
1850,Ribe,Hejnsvig,525,Sogn
1850,Ribe,Hunderup,516,Sogn
1850,Ribe,Øse,514,Sogn
1850,Ribe,Seem,511,Sogn
1850,Ribe,Billum,509,Sogn
1850,Ribe,Farup,502,Sogn
1850,Ribe,Torstrup,494,Sogn
1850,Ribe,Hjarup,468,Sogn
1850,Ribe,Skast,468,Sogn
1850,Ribe,Alslev,462,Sogn
1850,Ribe,Vester Nykirke,453,Sogn
1850,Ribe,Nørre Nebel,451,Sogn
1850,Ribe,Sneum,449,Sogn
1850,Ribe,Jordrup,447,Sogn
1850,Ribe,Veerst,445,Sogn
1850,Ribe,Folding,433,Sogn
1850,Ribe,Kvong,396,Sogn
1850,Ribe,Vejrup,395,Sogn
1850,Ribe,Vester Nebel,389,Sogn
1850,Ribe,Lydum,384,Sogn
1850,Ribe,Aastrup,384,Sogn
1850,Ribe,Varde Landsogn,381,Delsogn
1850,Ribe,Aarre,379,Sogn
1850,Ribe,Lønne,371,Sogn
1850,Ribe,Hostrup,356,Sogn
1850,Ribe,Vester Vedsted,353,Sogn
1850,Ribe,Sankt Katharine Landsogn,350,Sogn
1850,Ribe,Næsbjerg,315,Sogn
1850,Ribe,Andst,302,Sogn
1850,Ribe,Grene,299,Sogn
1850,Ribe,Ho,286,Sogn
1850,Ribe,Bramming,244,Sogn
1850,Ribe,Lønne,243,Sogn
1850,Ribe,Mandø,226,Sogn
1850,Ribe,Vester Starup,222,Sogn
1850,Ringkøbing,Nysogn,1580,Sogn
1850,Ringkøbing,Holstebro Købstad,1305,Købstad
1850,Ringkøbing,Ringkøbing Købstad,1274,Købstad
1850,Ringkøbing,Harboør,1240,Sogn
1850,Ringkøbing,Hee,1228,Sogn
1850,Ringkøbing,Gjellerup,1212,Sogn
1850,Ringkøbing,Sevel,1162,Sogn
1850,Ringkøbing,Ikast,1074,Sogn
1850,Ringkøbing,Borbjerg,971,Sogn
1850,Ringkøbing,Lønborg,921,Sogn
1850,Ringkøbing,Skjern,886,Sogn
1850,Ringkøbing,Hjerm,882,Sogn
1850,Ringkøbing,Ulfborg,875,Sogn
1850,Ringkøbing,Lemvig Købstad,859,Købstad
1850,Ringkøbing,Sahl,849,Sogn
1850,Ringkøbing,Avlum,822,Sogn
1850,Ringkøbing,Rind,815,Sogn
1850,Ringkøbing,Snejbjerg,796,Sogn
1850,Ringkøbing,Staby,776,Sogn
1850,Ringkøbing,Ejsing,771,Sogn
1850,Ringkøbing,Stadil,767,Sogn
1850,Ringkøbing,Haderup,750,Sogn
1850,Ringkøbing,Vorgod,749,Sogn
1850,Ringkøbing,Sønder Borris,748,Sogn
1850,Ringkøbing,Bording,736,Sogn
1850,Ringkøbing,Gudum,707,Sogn
1850,Ringkøbing,Bøvling,706,Sogn
1850,Ringkøbing,Herning,703,Sogn
1850,Ringkøbing,Dejbjerg,691,Sogn
1850,Ringkøbing,Stavning,683,Sogn
1850,Ringkøbing,Sønder Lem,680,Sogn
1850,Ringkøbing,Sunds,679,Sogn
1850,Ringkøbing,Brejning,666,Sogn
1850,Ringkøbing,Nørre Nissum,661,Sogn
1850,Ringkøbing,Sønder Nissum,657,Sogn
1850,Ringkøbing,Tim,639,Sogn
1850,Ringkøbing,Velling,637,Sogn
1850,Ringkøbing,Gimsing,626,Sogn
1850,Ringkøbing,Aadum,603,Sogn
1850,Ringkøbing,Resen,574,Sogn
1850,Ringkøbing,Vejrum,571,Sogn
1850,Ringkøbing,Mejrup,571,Sogn
1850,Ringkøbing,Vedersø,558,Sogn
1850,Ringkøbing,Ryde,556,Sogn
1850,Ringkøbing,Tvis,551,Sogn
1850,Ringkøbing,Egvad,549,Sogn
1850,Ringkøbing,Estvad,546,Sogn
1850,Ringkøbing,Lomborg,544,Sogn
1850,Ringkøbing,Fabjerg,538,Sogn
1850,Ringkøbing,Husby,534,Sogn
1850,Ringkøbing,Skarrild,530,Sogn
1850,Ringkøbing,Møborg,528,Sogn
1850,Ringkøbing,Sønder Bork,501,Sogn
1850,Ringkøbing,Nees,500,Sogn
1850,Ringkøbing,Tørring,497,Sogn
1850,Ringkøbing,Hygum,475,Sogn
1850,Ringkøbing,Vinding,469,Sogn
1850,Ringkøbing,Hanning,467,Sogn
1850,Ringkøbing,Ørre,459,Sogn
1850,Ringkøbing,Vandborg,444,Sogn
1850,Ringkøbing,Fjaltring,442,Sogn
1850,Ringkøbing,Nørre Bork,423,Sogn
1850,Ringkøbing,Hemmet,422,Sogn
1850,Ringkøbing,Vildbjerg,419,Sogn
1850,Ringkøbing,Rindum,413,Sogn
1850,Ringkøbing,Dybe,410,Sogn
1850,Ringkøbing,Hove,408,Sogn
1850,Ringkøbing,Nørlem,402,Sogn
1850,Ringkøbing,Assing,402,Sogn
1850,Ringkøbing,Flynder,398,Sogn
1850,Ringkøbing,Handbjerg,396,Sogn
1850,Ringkøbing,Idom,395,Sogn
1850,Ringkøbing,Lyne,370,Sogn
1850,Ringkøbing,Humlum,368,Sogn
1850,Ringkøbing,Strellev,359,Sogn
1850,Ringkøbing,Maabjerg,358,Sogn
1850,Ringkøbing,Sønder Felding,354,Sogn
1850,Ringkøbing,Nørre Felding,353,Sogn
1850,Ringkøbing,Navr,352,Sogn
1850,Ringkøbing,Sinding,352,Sogn
1850,Ringkøbing,Timring,350,Sogn
1850,Ringkøbing,Nørre Omme,344,Sogn
1850,Ringkøbing,Ramme,340,Sogn
1850,Ringkøbing,Faster,340,Sogn
1850,Ringkøbing,Madum,335,Sogn
1850,Ringkøbing,Sønder Vium,330,Sogn
1850,Ringkøbing,Vind,318,Sogn
1850,Ringkøbing,Hoven,313,Sogn
1850,Ringkøbing,Torsted,302,Sogn
1850,Ringkøbing,Bølling,299,Sogn
1850,Ringkøbing,Asp,298,Sogn
1850,Ringkøbing,Arnborg,293,Sogn
1850,Ringkøbing,Tjørring,293,Sogn
1850,Ringkøbing,Ferring,282,Sogn
1850,Ringkøbing,Raasted,272,Sogn
1850,Ringkøbing,Gammelsogn,262,Sogn
1850,Ringkøbing,Rom,255,Sogn
1850,Ringkøbing,Trans,251,Sogn
1850,Ringkøbing,Nøvling,237,Sogn
1850,Ringkøbing,Fovsing,233,Sogn
1850,Ringkøbing,Sir,230,Sogn
1850,Ringkøbing,Sædding,227,Sogn
1850,Ringkøbing,Hodsager,225,Sogn
1850,Ringkøbing,Nørre Vium,221,Sogn
1850,Ringkøbing,Vemb,220,Sogn
1850,Ringkøbing,Hover,209,Sogn
1850,Ringkøbing,Gørding,204,Sogn
1850,Roskilde,Roskilde Købstad,3821,Købstad
1850,Roskilde,Køge Købstad,2435,Købstad
1850,Roskilde,Sankt Jørgensbjerg,1708,Sogn
1850,Roskilde,Saaby,1412,Sogn
1850,Roskilde,Højelse,995,Sogn
1850,Roskilde,Rye,927,Sogn
1850,Roskilde,Borup,875,Sogn
1850,Roskilde,Ejby,862,Sogn
1850,Roskilde,Hyllinge,781,Sogn
1850,Roskilde,Osted,765,Sogn
1850,Roskilde,Syv,723,Sogn
1850,Roskilde,Allerslev,707,Sogn
1850,Roskilde,Sæby,705,Sogn
1850,Roskilde,Hvalsø,705,Sogn
1850,Roskilde,Sonnerup,674,Sogn
1850,Roskilde,Greve,667,Sogn
1850,Roskilde,Kildebrønde,663,Sogn
1850,Roskilde,Herslev,636,Sogn
1850,Roskilde,Snoldelev,625,Sogn
1850,Roskilde,Gundsømagle,622,Sogn
1850,Roskilde,Kirkerup,621,Sogn
1850,Roskilde,Karlslunde,620,Sogn
1850,Roskilde,Daastrup,587,Sogn
1850,Roskilde,Reerslev,577,Sogn
1850,Roskilde,Ørsted,567,Sogn
1850,Roskilde,Hvedstrup,564,Sogn
1850,Roskilde,Vor Frue,561,Sogn
1850,Roskilde,Gadstrup,537,Sogn
1850,Roskilde,Tune,533,Sogn
1850,Roskilde,Jyllinge,530,Sogn
1850,Roskilde,Særløse,504,Sogn
1850,Roskilde,Himmelev,481,Sogn
1850,Roskilde,Glim,475,Sogn
1850,Roskilde,Lyndby,471,Sogn
1850,Roskilde,Fløng,471,Sogn
1850,Roskilde,Vindinge,457,Sogn
1850,Roskilde,Svogerslev,435,Sogn
1850,Roskilde,Nørre Dalby,430,Sogn
1850,Roskilde,Gevninge,428,Sogn
1850,Roskilde,Jersie,405,Sogn
1850,Roskilde,Aagerup,398,Sogn
1850,Roskilde,Ølsemagle,388,Sogn
1850,Roskilde,Havdrup,338,Sogn
1850,Roskilde,Solrød,313,Sogn
1850,Roskilde,Køge Landdistrikt,295,Delsogn
1850,Roskilde,Kisserup,293,Sogn
1850,Roskilde,Karlstrup,282,Sogn
1850,Roskilde,Skensved,270,Sogn
1850,Roskilde,Kornerup,269,Sogn
1850,Roskilde,Rorup,245,Sogn
1850,Roskilde,Kimmerslev,212,Sogn
1850,Roskilde,Gershøj,203,Sogn
1850,Skanderborg,Horsens Købstad,5833,Købstad
1850,Skanderborg,Them,1876,Sogn
1850,Skanderborg,Linaa,1612,Sogn
1850,Skanderborg,Tamdrup,1488,Sogn
1850,Skanderborg,Østbirk,1265,Sogn
1850,Skanderborg,Hvirring,1127,Sogn
1850,Skanderborg,Skanderup,1087,Sogn
1850,Skanderborg,Dover,1086,Sogn
1850,Skanderborg,Veng,1049,Sogn
1850,Skanderborg,Skanderborg Købstad,1040,Købstad
1850,Skanderborg,Fruering,1015,Sogn
1850,Skanderborg,Tvilum,1013,Sogn
1850,Skanderborg,Hornborg,998,Sogn
1850,Skanderborg,Hylke,975,Sogn
1850,Skanderborg,Ovsted,964,Sogn
1850,Skanderborg,Dallerup,927,Sogn
1850,Skanderborg,Gammel Rye,925,Sogn
1850,Skanderborg,Nørre Snede,897,Sogn
1850,Skanderborg,Søvind,888,Sogn
1850,Skanderborg,Hansted,813,Sogn
1850,Skanderborg,Laasby,778,Sogn
1850,Skanderborg,Ejstrup,723,Sogn
1850,Skanderborg,Grædstrup,712,Sogn
1850,Skanderborg,Vær,691,Sogn
1850,Skanderborg,Vedslet,689,Sogn
1850,Skanderborg,Tørring,686,Sogn
1850,Skanderborg,Ørridslev,676,Sogn
1850,Skanderborg,Hammel,654,Sogn
1850,Skanderborg,Sønder Vissing,651,Sogn
1850,Skanderborg,Tolstrup,639,Sogn
1850,Skanderborg,Endelave,625,Sogn
1850,Skanderborg,Voerladegaard,617,Sogn
1850,Skanderborg,Klovborg,612,Sogn
1850,Skanderborg,Kattrup,603,Sogn
1850,Skanderborg,Tulstrup,596,Sogn
1850,Skanderborg,Nebel,587,Sogn
1850,Skanderborg,Sporup,560,Sogn
1850,Skanderborg,Gjern,558,Sogn
1850,Skanderborg,Føvling,530,Sogn
1850,Skanderborg,Taaning,511,Sogn
1850,Skanderborg,Hørning,503,Sogn
1850,Skanderborg,Lundum,498,Sogn
1850,Skanderborg,Nim,494,Sogn
1850,Skanderborg,Aale,488,Sogn
1850,Skanderborg,Yding,474,Sogn
1850,Skanderborg,Adslev,474,Sogn
1850,Skanderborg,Underup,466,Sogn
1850,Skanderborg,Ring,405,Sogn
1850,Skanderborg,Vitved,391,Sogn
1850,Skanderborg,Gangsted,380,Sogn
1850,Skanderborg,Bryrup,369,Sogn
1850,Skanderborg,Skannerup,352,Sogn
1850,Skanderborg,Vinding,346,Sogn
1850,Skanderborg,Vrads,339,Sogn
1850,Skanderborg,Tønning,333,Sogn
1850,Skanderborg,Søby,331,Sogn
1850,Skanderborg,Voldby,331,Sogn
1850,Skanderborg,Røgen,319,Sogn
1850,Skanderborg,Mesing,293,Sogn
1850,Skanderborg,Linnerup,290,Sogn
1850,Skanderborg,Tyrsting,276,Sogn
1850,Skanderborg,Blegind,257,Sogn
1850,Skanderborg,Træden,252,Sogn
1850,Skanderborg,Skorup,235,Sogn
1850,Skanderborg,Stilling,232,Sogn
1850,Skanderborg,Alling,210,Sogn
1850,Sorø,Slagelse Købstad,4010,Købstad
1850,Sorø,Korsør Købstad,1815,Købstad
1850,Sorø,Stillinge,1594,Sogn
1850,Sorø,Boeslunde,1590,Sogn
1850,Sorø,Herlufsholm,1568,Sogn
1850,Sorø,Ringsted Købstad,1379,Købstad
1850,Sorø,Lynge,1379,Sogn
1850,Sorø,Stenmagle,1369,Sogn
1850,Sorø,Sankt Peders Landsogn,1350,Delsogn
1850,Sorø,Taarnborg,1328,Sogn
1850,Sorø,Haraldsted,1287,Sogn
1850,Sorø,Terslev,1277,Sogn
1850,Sorø,Eggeslevmagle,1274,Sogn
1850,Sorø,Førslev,1189,Sogn
1850,Sorø,Karrebæk,1182,Sogn
1850,Sorø,Tjæreby,1147,Sogn
1850,Sorø,Skælskør Købstad,1146,Købstad
1850,Sorø,Munke Bjergby,1083,Sogn
1850,Sorø,Magleby,1015,Sogn
1850,Sorø,Kværkeby,1015,Sogn
1850,Sorø,Krummerup,1002,Sogn
1850,Sorø,Ringsted Landsogn,987,Delsogn
1850,Sorø,Vemmelev,980,Sogn
1850,Sorø,Sørbymagle,978,Sogn
1850,Sorø,Pedersborg,944,Sogn
1850,Sorø,Alsted,941,Sogn
1850,Sorø,Haslev,918,Sogn
1850,Sorø,Fyrendal,903,Sogn
1850,Sorø,Sorø Købstad,900,Købstad
1850,Sorø,Vallensved,854,Sogn
1850,Sorø,Vigersted,853,Sogn
1850,Sorø,Fodby,837,Sogn
1850,Sorø,Gimlinge,817,Sogn
1850,Sorø,Hemmeshøj,795,Sogn
1850,Sorø,Gunderslev,785,Sogn
1850,Sorø,Teestrup,766,Sogn
1850,Sorø,Nordrupøster,735,Sogn
1850,Sorø,Holsteinborg,734,Sogn
1850,Sorø,Gyrstinge,729,Sogn
1850,Sorø,Bjernede,727,Sogn
1850,Sorø,Marvede,718,Sogn
1850,Sorø,Sankt Mikkels Landsogn,718,Delsogn
1850,Sorø,Valsølille,713,Sogn
1850,Sorø,Braaby,705,Sogn
1850,Sorø,Slaglille,676,Sogn
1850,Sorø,Kirkerup,652,Sogn
1850,Sorø,Benløse,651,Sogn
1850,Sorø,Ørslev,648,Sogn
1850,Sorø,Hyllested,611,Sogn
1850,Sorø,Tystrup,606,Sogn
1850,Sorø,Hyllinge,605,Sogn
1850,Sorø,Flakkebjerg,603,Sogn
1850,Sorø,Øde Førslev,597,Sogn
1850,Sorø,Sorterup,592,Sogn
1850,Sorø,Slots Bjergby,591,Sogn
1850,Sorø,Fjenneslev,586,Sogn
1850,Sorø,Bromme,585,Sogn
1850,Sorø,Jystrup,564,Sogn
1850,Sorø,Sneslev,554,Sogn
1850,Sorø,Ørslev,550,Sogn
1850,Sorø,Vester Broby,538,Sogn
1850,Sorø,Nordrupvester,538,Sogn
1850,Sorø,Sigersted,533,Sogn
1850,Sorø,Bringstrup,520,Sogn
1850,Sorø,Høve,495,Sogn
1850,Sorø,Kindertofte,483,Sogn
1850,Sorø,Skørpinge,481,Sogn
1850,Sorø,Sønder Bjerge,480,Sogn
1850,Sorø,Faardrup,477,Sogn
1850,Sorø,Sønderup,476,Sogn
1850,Sorø,Sludstrup,474,Sogn
1850,Sorø,Vetterslev,457,Sogn
1850,Sorø,Flinterup,448,Sogn
1850,Sorø,Haarslev,446,Sogn
1850,Sorø,Allindemagle,427,Sogn
1850,Sorø,Gerlev,398,Sogn
1850,Sorø,Høm,395,Sogn
1850,Sorø,Agersø,388,Sogn
1850,Sorø,Venslev,365,Sogn
1850,Sorø,Lundforlund,362,Sogn
1850,Sorø,Ottestrup,358,Sogn
1850,Sorø,Sorø Landdistrikt,340,Delsogn
1850,Sorø,Fuglebjerg,327,Sogn
1850,Sorø,Freerslev,323,Sogn
1850,Sorø,Haldagerlille,288,Sogn
1850,Sorø,Kvislemark,283,Sogn
1850,Sorø,Farendløse,280,Sogn
1850,Sorø,Ting Jellinge,240,Sogn
1850,Sorø,Hejninge,228,Sogn
1850,Sorø,Omø,219,Sogn
1850,Svendborg,Svendborg Købstad,4556,Købstad
1850,Svendborg,Nyborg Købstad,3059,Købstad
1850,Svendborg,Rudkøbing Købstad,2333,Købstad
1850,Svendborg,Faaborg Købstad,2331,Købstad
1850,Svendborg,Horne,2198,Sogn
1850,Svendborg,Humble,2063,Sogn
1850,Svendborg,Ringe,1956,Sogn
1850,Svendborg,Bregninge (Taasinge),1941,Sogn
1850,Svendborg,Lindelse,1715,Sogn
1850,Svendborg,Skaarup,1708,Sogn
1850,Svendborg,Brahetrolleborg,1666,Sogn
1850,Svendborg,Magleby,1630,Sogn
1850,Svendborg,Svanninge,1504,Sogn
1850,Svendborg,Gislev,1440,Sogn
1850,Svendborg,Bjerreby,1369,Sogn
1850,Svendborg,Frørup,1359,Sogn
1850,Svendborg,Hesselager,1291,Sogn
1850,Svendborg,Stenstrup,1288,Sogn
1850,Svendborg,Bøstrup,1274,Sogn
1850,Svendborg,Vindinge,1272,Sogn
1850,Svendborg,Gudbjerg,1260,Sogn
1850,Svendborg,Tullebølle,1213,Sogn
1850,Svendborg,Hillerslev,1207,Sogn
1850,Svendborg,Snøde,1132,Sogn
1850,Svendborg,Nørre Broby,1094,Sogn
1850,Svendborg,Tranekær,1072,Sogn
1850,Svendborg,Avnslev,1067,Sogn
1850,Svendborg,Landet,1041,Sogn
1850,Svendborg,Longelse,1016,Sogn
1850,Svendborg,Sønder Broby,1010,Sogn
1850,Svendborg,Vester Aaby,942,Sogn
1850,Svendborg,Flødstrup,942,Sogn
1850,Svendborg,Oure,899,Sogn
1850,Svendborg,Egense,887,Sogn
1850,Svendborg,Tved,872,Sogn
1850,Svendborg,Vester Skerninge,869,Sogn
1850,Svendborg,Ulbølle,860,Sogn
1850,Svendborg,Stoense,856,Sogn
1850,Svendborg,Herrested,848,Sogn
1850,Svendborg,Ullerslev,838,Sogn
1850,Svendborg,Jordløse,836,Sogn
1850,Svendborg,Lunde,810,Sogn
1850,Svendborg,Vester Hæsinge,801,Sogn
1850,Svendborg,Thurø,800,Sogn
1850,Svendborg,Skrøbelev,790,Sogn
1850,Svendborg,Diernæs,778,Sogn
1850,Svendborg,Tryggelev,768,Sogn
1850,Svendborg,Ryslinge,723,Sogn
1850,Svendborg,Refsvindinge,710,Sogn
1850,Svendborg,Gudme,693,Sogn
1850,Svendborg,Kirkeby,677,Sogn
1850,Svendborg,Skellerup,674,Sogn
1850,Svendborg,Ollerup,664,Sogn
1850,Svendborg,Strynø,631,Sogn
1850,Svendborg,Espe,630,Sogn
1850,Svendborg,Svindinge,629,Sogn
1850,Svendborg,Haastrup,629,Sogn
1850,Svendborg,Øster Hæsinge,600,Sogn
1850,Svendborg,Drejø,590,Sogn
1850,Svendborg,Vejstrup,575,Sogn
1850,Svendborg,Fuglsbølle,573,Sogn
1850,Svendborg,Hundstrup,547,Sogn
1850,Svendborg,Gestelev,539,Sogn
1850,Svendborg,Sørup,521,Sogn
1850,Svendborg,Aastrup,518,Sogn
1850,Svendborg,Simmerbølle,517,Sogn
1850,Svendborg,Ellinge,512,Sogn
1850,Svendborg,Brudager,500,Sogn
1850,Svendborg,Krarup,490,Sogn
1850,Svendborg,Kullerup,481,Sogn
1850,Svendborg,Øster Skerninge,480,Sogn
1850,Svendborg,Aarslev,476,Sogn
1850,Svendborg,Søllinge,467,Sogn
1850,Svendborg,Ørbæk,466,Sogn
1850,Svendborg,Nyborg Landsogn,464,Delsogn
1850,Svendborg,Vejle,457,Sogn
1850,Svendborg,Bovense,425,Sogn
1850,Svendborg,Sønder Højrup,420,Sogn
1850,Svendborg,Allested,418,Sogn
1850,Svendborg,Fodslette,416,Sogn
1850,Svendborg,Herringe,400,Sogn
1850,Svendborg,Sandholts Lyndelse,391,Sogn
1850,Svendborg,Svendborg Købstad,371,Købstad
1850,Svendborg,Øksendrup,340,Sogn
1850,Svendborg,Avernakø,333,Sogn
1850,Svendborg,Ellested,329,Sogn
1850,Svendborg,Langaa,325,Sogn
1850,Svendborg,Heden,309,Sogn
1850,Svendborg,Lyø,306,Sogn
1850,Svendborg,Sankt Jørgens,300,Sogn
1850,Svendborg,Vantinge,294,Sogn
1850,Svendborg,Hellerup,246,Sogn
1850,Thisted,Thisted Købstad,2344,Købstad
1850,Thisted,Vestervig,1823,Sogn
1850,Thisted,Hvidbjerg,1476,Sogn
1850,Thisted,Nykøbing Mors Købstad,1398,Købstad
1850,Thisted,Hillerslev,1089,Sogn
1850,Thisted,Hundborg,1071,Sogn
1850,Thisted,Snedsted,992,Sogn
1850,Thisted,Karby,846,Sogn
1850,Thisted,Ydby,837,Sogn
1850,Thisted,Sjørring,747,Sogn
1850,Thisted,Stagstrup,728,Sogn
1850,Thisted,Vester Vandet,712,Sogn
1850,Thisted,Tømmerby,711,Sogn
1850,Thisted,Lild,691,Sogn
1850,Thisted,Øster Assels,689,Sogn
1850,Thisted,Østerild,672,Sogn
1850,Thisted,Sejerslev,668,Sogn
1850,Thisted,Sennels,660,Sogn
1850,Thisted,Lødderup,657,Sogn
1850,Thisted,Hørdum,645,Sogn
1850,Thisted,Kettrup,636,Sogn
1850,Thisted,Kollerup,636,Sogn
1850,Thisted,Klim,633,Sogn
1850,Thisted,Bedsted,608,Sogn
1850,Thisted,Nors,607,Sogn
1850,Thisted,Heltborg,601,Sogn
1850,Thisted,Skyum,587,Sogn
1850,Thisted,Øsløs,577,Sogn
1850,Thisted,Skjoldborg,558,Sogn
1850,Thisted,Tødsø,556,Sogn
1850,Thisted,Gøttrup,552,Sogn
1850,Thisted,Ræhr,551,Sogn
1850,Thisted,Søndbjerg,543,Sogn
1850,Thisted,Solbjerg,530,Sogn
1850,Thisted,Flade,518,Sogn
1850,Thisted,Nørhaa,516,Sogn
1850,Thisted,Hjardemaal,513,Sogn
1850,Thisted,Vester Torup,502,Sogn
1850,Thisted,Vang,495,Sogn
1850,Thisted,Galtrup,484,Sogn
1850,Thisted,Hurup,476,Sogn
1850,Thisted,Hvidbjerg,472,Sogn
1850,Thisted,Odby,469,Sogn
1850,Thisted,Vejerslev,459,Sogn
1850,Thisted,Hvidbjerg Vesten Aa,457,Sogn
1850,Thisted,Agger,456,Sogn
1850,Thisted,Ørding,445,Sogn
1850,Thisted,Vester Assels,443,Sogn
1850,Thisted,Hunstrup,437,Sogn
1850,Thisted,Sundby,434,Sogn
1850,Thisted,Frøslev,430,Sogn
1850,Thisted,Redsted,423,Sogn
1850,Thisted,Erslev,421,Sogn
1850,Thisted,Sønderhaa,418,Sogn
1850,Thisted,Villerslev,411,Sogn
1850,Thisted,Gettrup,407,Sogn
1850,Thisted,Lyngs,402,Sogn
1850,Thisted,Boddum,388,Sogn
1850,Thisted,Bjergby,384,Sogn
1850,Thisted,Jegindø,371,Sogn
1850,Thisted,Hjortdal,358,Sogn
1850,Thisted,Ovtrup,343,Sogn
1850,Thisted,Thisted Landsogn,341,Delsogn
1850,Thisted,Tved,336,Sogn
1850,Thisted,Arup,333,Sogn
1850,Thisted,Alsted,316,Sogn
1850,Thisted,Vust,311,Sogn
1850,Thisted,Ørum,309,Sogn
1850,Thisted,Ejerslev,309,Sogn
1850,Thisted,Vesløs,300,Sogn
1850,Thisted,Harring,298,Sogn
1850,Thisted,Grurup,292,Sogn
1850,Thisted,Sønder Draaby,288,Sogn
1850,Thisted,Skallerup,287,Sogn
1850,Thisted,Skinnerup,271,Sogn
1850,Thisted,Tilsted,264,Sogn
1850,Thisted,Dragstrup,263,Sogn
1850,Thisted,Jørsby,256,Sogn
1850,Thisted,Hassing,252,Sogn
1850,Thisted,Helligsø,243,Sogn
1850,Thisted,Tæbring,231,Sogn
1850,Thisted,Elsø,230,Sogn
1850,Thisted,Jannerup,225,Sogn
1850,Thisted,Rakkeby,203,Sogn
1850,Thisted,Visby,202,Sogn
1850,Thisted,Blidstrup,201,Sogn
1850,Thisted,Vigsø,201,Sogn
1850,Tønder,Møgeltønder (Kongerigsk),1463,Sogn
1850,Tønder,Ballum,1437,Sogn
1850,Tønder,Sankt Laurentii,1340,Sogn
1850,Tønder,Brede,1004,Sogn
1850,Tønder,Rømø,836,Sogn
1850,Tønder,"Sankt Johannis, Föhr",818,Sogn
1850,Tønder,Døstrup,768,Sogn
1850,Tønder,Emmerlev,633,Sogn
1850,Tønder,Sankt Clemens,625,Sogn
1850,Tønder,Visby,615,Sogn
1850,Tønder,Daler,576,Sogn
1850,Tønder,Mjolden,361,Sogn
1850,Tønder,Randerup,239,Sogn
1850,Vejle,Fredericia Købstad,4337,Købstad
1850,Vejle,Vejle Købstad,3300,Købstad
1850,Vejle,Kolding Købstad,2869,Købstad
1850,Vejle,Egtved,1945,Sogn
1850,Vejle,Raarup,1907,Sogn
1850,Vejle,Smidstrup,1533,Sogn
1850,Vejle,Gauerslund,1459,Sogn
1850,Vejle,Nørup,1450,Sogn
1850,Vejle,Jelling,1423,Sogn
1850,Vejle,Hvejsel,1410,Sogn
1850,Vejle,Øster Snede,1382,Sogn
1850,Vejle,Eltang,1320,Sogn
1850,Vejle,Øster Starup,1311,Sogn
1850,Vejle,Barrit,1250,Sogn
1850,Vejle,Øster Nykirke,1216,Sogn
1850,Vejle,Taulov,1192,Sogn
1850,Vejle,Sindbjerg,1151,Sogn
1850,Vejle,Bredsten,1128,Sogn
1850,Vejle,Erritsø,1057,Sogn
1850,Vejle,Hatting,1053,Sogn
1850,Vejle,Ødsted,1018,Sogn
1850,Vejle,Herslev,1017,Sogn
1850,Vejle,Hedensted,992,Sogn
1850,Vejle,Give,968,Sogn
1850,Vejle,Brande,967,Sogn
1850,Vejle,Hornstrup,957,Sogn
1850,Vejle,Skibet,922,Sogn
1850,Vejle,Glud,917,Sogn
1850,Vejle,Engum,859,Sogn
1850,Vejle,Gaarslev,835,Sogn
1850,Vejle,Gadbjerg,833,Sogn
1850,Vejle,Thyregod,831,Sogn
1850,Vejle,Højen,829,Sogn
1850,Vejle,Hover,820,Sogn
1850,Vejle,Grejs,816,Sogn
1850,Vejle,Vejlby,803,Sogn
1850,Vejle,Almind,734,Sogn
1850,Vejle,Uth,717,Sogn
1850,Vejle,Korning,688,Sogn
1850,Vejle,Vinding,672,Sogn
1850,Vejle,Givskud,669,Sogn
1850,Vejle,Skjold,661,Sogn
1850,Vejle,As,660,Sogn
1850,Vejle,Harte,658,Sogn
1850,Vejle,Stenderup,654,Sogn
1850,Vejle,Randbøl,646,Sogn
1850,Vejle,Løsning,646,Sogn
1850,Vejle,Sønder Omme,628,Sogn
1850,Vejle,Viuf,626,Sogn
1850,Vejle,Daugaard,614,Sogn
1850,Vejle,Nebsager,604,Sogn
1850,Vejle,Vester Nebel,584,Sogn
1850,Vejle,Sønder Stenderup,573,Sogn
1850,Vejle,Langskov,572,Sogn
1850,Vejle,Klakring,564,Sogn
1850,Vejle,Ølsted,564,Sogn
1850,Vejle,Jerlev,561,Sogn
1850,Vejle,Lindeballe,533,Sogn
1850,Vejle,Bredstrup,525,Sogn
1850,Vejle,Uldum,523,Sogn
1850,Vejle,Tyrsted,522,Sogn
1850,Vejle,Bjerre,517,Sogn
1850,Vejle,Kollerup,489,Sogn
1850,Vejle,Vrigsted,458,Sogn
1850,Vejle,Sønder Vilstrup,455,Sogn
1850,Vejle,Pjedsted,455,Sogn
1850,Vejle,Torsted,448,Sogn
1850,Vejle,Ringive,444,Sogn
1850,Vejle,Skærup,442,Sogn
1850,Vejle,Vindelev,434,Sogn
1850,Vejle,Sønder Stenderup,391,Sogn
1850,Vejle,Ørum,344,Sogn
1850,Vejle,Nørre Bramdrup,315,Sogn
1850,Vejle,Ullerup,310,Sogn
1850,Vejle,Sønder Stenderup,299,Sogn
1850,Vejle,Urlev,296,Sogn
1850,Vejle,Vester,248,Sogn
1850,Viborg,Viborg Købstad,4047,Købstad
1850,Viborg,Skive Købstad,1254,Købstad
1850,Viborg,Thorning,1213,Sogn
1850,Viborg,Fur,994,Sogn
1850,Viborg,Vinderslev,891,Sogn
1850,Viborg,Grinderslev,851,Sogn
1850,Viborg,Grønbæk,805,Sogn
1850,Viborg,Sjørslev,795,Sogn
1850,Viborg,Svostrup,751,Sogn
1850,Viborg,Højslev,729,Sogn
1850,Viborg,Ørslevkloster,700,Sogn
1850,Viborg,Vellev,662,Sogn
1850,Viborg,Balle,640,Sogn
1850,Viborg,Vindum,635,Sogn
1850,Viborg,Simested,630,Sogn
1850,Viborg,Aalum,611,Sogn
1850,Viborg,Kragelund,610,Sogn
1850,Viborg,Levring,610,Sogn
1850,Viborg,Skals,599,Sogn
1850,Viborg,Øster Bjerregrav,596,Sogn
1850,Viborg,Frederiks,580,Sogn
1850,Viborg,Skjern,554,Sogn
1850,Viborg,Hørup,537,Sogn
1850,Viborg,Asmild,531,Sogn
1850,Viborg,Høbjerg,527,Sogn
1850,Viborg,Gerning,505,Sogn
1850,Viborg,Torum,500,Sogn
1850,Viborg,Lihme,492,Sogn
1850,Viborg,Selde,491,Sogn
1850,Viborg,Vester Bølle,485,Sogn
1850,Viborg,Rødding,484,Sogn
1850,Viborg,Lem,483,Sogn
1850,Viborg,Rybjerg,479,Sogn
1850,Viborg,Hinge,475,Sogn
1850,Viborg,Lemming,471,Sogn
1850,Viborg,Funder,466,Sogn
1850,Viborg,Aasted,461,Sogn
1850,Viborg,Houlbjerg,461,Sogn
1850,Viborg,Skjød,454,Sogn
1850,Viborg,Vester Velling,453,Sogn
1850,Viborg,Granslev,452,Sogn
1850,Viborg,Krejbjerg,450,Sogn
1850,Viborg,Mammen,449,Sogn
1850,Viborg,Sahl,449,Sogn
1850,Viborg,Skive Landsogn,440,Delsogn
1850,Viborg,Vorning,437,Sogn
1850,Viborg,Vium,434,Sogn
1850,Viborg,Vorde,432,Sogn
1850,Viborg,Almind,430,Sogn
1850,Viborg,Hjerk,421,Sogn
1850,Viborg,Jebjerg,416,Sogn
1850,Viborg,Ørum,412,Sogn
1850,Viborg,Fly,405,Sogn
1850,Viborg,Sall,404,Sogn
1850,Viborg,Rødding,402,Sogn
1850,Viborg,Nautrup,401,Sogn
1850,Viborg,Ulbjerg,401,Sogn
1850,Viborg,Lyby,396,Sogn
1850,Viborg,Thise,390,Sogn
1850,Viborg,Mønsted,390,Sogn
1850,Viborg,Gødvad,385,Sogn
1850,Viborg,Daugbjerg,382,Sogn
1850,Viborg,Hvorslev,382,Sogn
1850,Viborg,Vinkel,382,Sogn
1850,Viborg,Balling,380,Sogn
1850,Viborg,Oddense,374,Sogn
1850,Viborg,Gullev,373,Sogn
1850,Viborg,Vammen,367,Sogn
1850,Viborg,Hjermind,364,Sogn
1850,Viborg,Dølby,356,Sogn
1850,Viborg,Haasum,342,Sogn
1850,Viborg,Taarup,341,Sogn
1850,Viborg,Gedsted,337,Sogn
1850,Viborg,Taanum,334,Sogn
1850,Viborg,Grensten,332,Sogn
1850,Viborg,Løvel,330,Sogn
1850,Viborg,Sønder Rind,328,Sogn
1850,Viborg,Resen,327,Sogn
1850,Viborg,Klejtrup,326,Sogn
1850,Viborg,Tjele,323,Sogn
1850,Viborg,Smollerup,321,Sogn
1850,Viborg,Lee,321,Sogn
1850,Viborg,Fjeldsø,319,Sogn
1850,Viborg,Øster Bølle,317,Sogn
1850,Viborg,Langaa,316,Sogn
1850,Viborg,Hem,315,Sogn
1850,Viborg,Hvidbjerg,315,Sogn
1850,Viborg,Hornbæk,312,Sogn
1850,Viborg,Kobberup,309,Sogn
1850,Viborg,Viskum,309,Sogn
1850,Viborg,Lindum,306,Sogn
1850,Viborg,Tapdrup,305,Sogn
1850,Viborg,Brøndum,301,Sogn
1850,Viborg,Sønder Vinge,300,Sogn
1850,Viborg,Serup,297,Sogn
1850,Viborg,Ramsing,294,Sogn
1850,Viborg,Laastrup,291,Sogn
1850,Viborg,Vroue,287,Sogn
1850,Viborg,Durup,282,Sogn
1850,Viborg,Junget,281,Sogn
1850,Viborg,Grønning,279,Sogn
1850,Viborg,Tøndering,279,Sogn
1850,Viborg,Lynderup,277,Sogn
1850,Viborg,Bjerring,273,Sogn
1850,Viborg,Finderup,269,Sogn
1850,Viborg,Hammershøj,266,Sogn
1850,Viborg,Sejling,266,Sogn
1850,Viborg,Harre,261,Sogn
1850,Viborg,Hvilsom,261,Sogn
1850,Viborg,Haurum,259,Sogn
1850,Viborg,Fiskbæk,257,Sogn
1850,Viborg,Hersom,257,Sogn
1850,Viborg,Aidt,257,Sogn
1850,Viborg,Dollerup,252,Sogn
1850,Viborg,Lysgaard,251,Sogn
1850,Viborg,Hvam,249,Sogn
1850,Viborg,Gammelstrup,247,Sogn
1850,Viborg,Hjorthede,246,Sogn
1850,Viborg,Roslev,242,Sogn
1850,Viborg,Ørum,241,Sogn
1850,Viborg,Vejerslev,241,Sogn
1850,Viborg,Elsborg,240,Sogn
1850,Viborg,Vejrum,239,Sogn
1850,Viborg,Sinding,237,Sogn
1850,Viborg,Torup,236,Sogn
1850,Viborg,Sønderbæk,233,Sogn
1850,Viborg,Øster Velling,232,Sogn
1850,Viborg,Vile,230,Sogn
1850,Viborg,Feldingbjerg,225,Sogn
1850,Viborg,Kvorning,224,Sogn
1850,Viborg,Vester Tostrup,219,Sogn
1850,Viborg,Læsten,218,Sogn
1850,Viborg,Romlund,216,Sogn
1850,Viborg,Nørbæk,214,Sogn
1850,Viborg,Resen,210,Sogn
1850,Viborg,Ravnstrup,210,Sogn
1850,Viborg,Roum,206,Sogn
1850,Viborg,Vester Bjerregrav,202,Sogn
1850,Viborg,Volling,201,Sogn
1855,Aalborg,Aalborg Købstad,9187,Købstad
1855,Aalborg,Nørresundby Købstad,1730,Købstad
1855,Aalborg,Als,1651,Sogn
1855,Aalborg,Hals,1593,Sogn
1855,Aalborg,Vadum,1299,Sogn
1855,Aalborg,Gunderup,1298,Sogn
1855,Aalborg,Vester Hassing,1173,Sogn
1855,Aalborg,Nørre Tranders,1141,Sogn
1855,Aalborg,Mou,1136,Sogn
1855,Aalborg,Ajstrup,1076,Sogn
1855,Aalborg,Biersted,1013,Sogn
1855,Aalborg,Øster Hassing,985,Sogn
1855,Aalborg,Skelund,982,Sogn
1855,Aalborg,Visborg,895,Sogn
1855,Aalborg,Sulsted,891,Sogn
1855,Aalborg,Astrup,889,Sogn
1855,Aalborg,Ulsted,851,Sogn
1855,Aalborg,Løgsted,843,Sogn
1855,Aalborg,Gudum,776,Sogn
1855,Aalborg,Sebber,772,Sogn
1855,Aalborg,Vokslev,766,Sogn
1855,Aalborg,Aaby,766,Sogn
1855,Aalborg,Ove,753,Sogn
1855,Aalborg,Horsens,750,Sogn
1855,Aalborg,Hammer,733,Sogn
1855,Aalborg,Hørby,710,Sogn
1855,Aalborg,Farsø,673,Sogn
1855,Aalborg,Budolfi Landsogn,662,Delsogn
1855,Aalborg,Sønderholm,638,Sogn
1855,Aalborg,Løgstør,625,Sogn
1855,Aalborg,Vive,615,Sogn
1855,Aalborg,Nørholm,593,Sogn
1855,Aalborg,Strandby,585,Sogn
1855,Aalborg,Aarestrup,578,Sogn
1855,Aalborg,Øster Hornum,575,Sogn
1855,Aalborg,Hvorup,566,Sogn
1855,Aalborg,Vebbestrup,559,Sogn
1855,Aalborg,Rostrup,541,Sogn
1855,Aalborg,Buderup,538,Sogn
1855,Aalborg,Veggerby,534,Sogn
1855,Aalborg,Valsgaard,522,Sogn
1855,Aalborg,Bislev,509,Sogn
1855,Aalborg,Nøvling,474,Sogn
1855,Aalborg,Nørre Kongerslev,459,Sogn
1855,Aalborg,Sønder Tranders,453,Sogn
1855,Aalborg,Vognsild,438,Sogn
1855,Aalborg,Gravlev,431,Sogn
1855,Aalborg,Storvorde,422,Sogn
1855,Aalborg,Svenstrup,406,Sogn
1855,Aalborg,Rold,392,Sogn
1855,Aalborg,Lovns,385,Sogn
1855,Aalborg,Sønderup,359,Sogn
1855,Aalborg,Vilsted,344,Sogn
1855,Aalborg,Frejlev,307,Sogn
1855,Aalborg,Skivum,305,Sogn
1855,Aalborg,Døstrup,297,Sogn
1855,Aalborg,Ferslev,292,Sogn
1855,Aalborg,Suldrup,278,Sogn
1855,Aalborg,Store Arden,275,Sogn
1855,Aalborg,Havbro,274,Sogn
1855,Aalborg,Lillevorde,271,Sogn
1855,Aalborg,Klarup,266,Sogn
1855,Aalborg,Stenild,265,Sogn
1855,Aalborg,Alstrup,262,Sogn
1855,Aalborg,Gislum,258,Sogn
1855,Aalborg,Romdrup,246,Sogn
1855,Aalborg,Komdrup,237,Sogn
1855,Aalborg,Sejlflod,237,Sogn
1855,Aalborg,Ellidshøj,231,Sogn
1855,Aalborg,Kongens Tisted,226,Sogn
1855,Aalborg,Ullits,220,Sogn
1855,Aalborg,Durup,219,Sogn
1855,Aalborg,Volsted,219,Sogn
1855,Aalborg,Dall,217,Sogn
1855,Aalborg,Fovlum,203,Sogn
1855,Aarhus,Tiset,942,Sogn
1855,Aarhus,Astrup,519,Sogn
1855,Aarhus,Hvilsted,514,Sogn
1855,Aarhus,Spørring,339,Sogn
1855,Aarhus,Hadsten,304,Sogn
1855,Aarhus,Tulstrup,293,Sogn
1855,Aarhus,Tunø,224,Sogn
1855,Bornholm,Rønne Købstad,5241,Købstad
1855,Bornholm,Aaker,1996,Sogn
1855,Bornholm,Klemensker,1914,Sogn
1855,Bornholm,Østermarie,1907,Sogn
1855,Bornholm,Vestermarie,1668,Sogn
1855,Bornholm,Ibsker,1448,Sogn
1855,Bornholm,Neksø Købstad,1414,Købstad
1855,Bornholm,Østerlarsker,1209,Sogn
1855,Bornholm,Rutsker,1128,Sogn
1855,Bornholm,Povlsker,1089,Sogn
1855,Bornholm,Nyker,1023,Sogn
1855,Bornholm,Hasle Købstad,1002,Købstad
1855,Bornholm,Svaneke Købstad,1001,Købstad
1855,Bornholm,Pedersker,993,Sogn
1855,Bornholm,Bodilsker,986,Sogn
1855,Bornholm,Olsker,870,Sogn
1855,Bornholm,Nylarsker,784,Sogn
1855,Bornholm,Allinge Købstad,615,Købstad
1855,Bornholm,Aakirkeby Købstad,587,Købstad
1855,Bornholm,Rø,586,Sogn
1855,Bornholm,Knudsker,552,Sogn
1855,Bornholm,Gudhjem,393,Sogn
1855,Bornholm,Christiansø,318,Sogn
1855,Bornholm,Sandvig Købstad,257,Sogn
1855,Frederiksborg,Helsingør Købstad,9092,Købstad
1855,Frederiksborg,Stenløse,1426,Sogn
1855,Frederiksborg,Slangerup,1260,Sogn
1855,Frederiksborg,Vinderød,1224,Sogn
1855,Frederiksborg,Jørlunde,1163,Sogn
1855,Frederiksborg,Ferslev,1133,Sogn
1855,Frederiksborg,Farum,1124,Sogn
1855,Frederiksborg,Ramløse,1007,Sogn
1855,Frederiksborg,Ganløse,993,Sogn
1855,Frederiksborg,Selsø,967,Sogn
1855,Frederiksborg,Skuldelev,928,Sogn
1855,Frederiksborg,Ølstykke,788,Sogn
1855,Frederiksborg,Skibby,723,Sogn
1855,Frederiksborg,Frederikssund Købstad,679,Købstad
1855,Frederiksborg,Krogstrup,627,Sogn
1855,Frederiksborg,Uvelse,536,Sogn
1855,Frederiksborg,Kyndby,530,Sogn
1855,Frederiksborg,Skævinge,526,Sogn
1855,Frederiksborg,Gilleleje,505,Sogn
1855,Frederiksborg,Slagslunde,496,Sogn
1855,Frederiksborg,Snostrup,492,Sogn
1855,Frederiksborg,Nødebo,482,Sogn
1855,Frederiksborg,Tibirke,453,Sogn
1855,Frederiksborg,Græse,434,Sogn
1855,Frederiksborg,Oppesundby,400,Sogn
1855,Frederiksborg,Lillerød,396,Sogn
1855,Frederiksborg,Veksø,362,Sogn
1855,Grafschaft Rantzau,Bullenkuhlen,256,Sogn
1855,Haderslev,Sønder Hygum (Slesvigsk),1113,Sogn
1855,Haderslev,Jegerup,626,Sogn
1855,Haderslev,Fole (Slesvigsk),473,Sogn
1855,Haderslev,Skodborg (Kongerigsk),403,Sogn
1855,Hjørring,Dronninglund,4379,Sogn
1855,Hjørring,Hjørring Købstad,2191,Købstad
1855,Hjørring,Vrejlev,1936,Sogn
1855,Hjørring,Taars,1912,Sogn
1855,Hjørring,Jerslev,1858,Sogn
1855,Hjørring,Albæk,1854,Sogn
1855,Hjørring,Jetsmark,1629,Sogn
1855,Hjørring,Torslev,1564,Sogn
1855,Hjørring,Elling,1547,Sogn
1855,Hjørring,Brovst,1461,Sogn
1855,Hjørring,Skagen Købstad,1452,Købstad
1855,Hjørring,Saltum,1445,Sogn
1855,Hjørring,Frederikshavn Købstad,1425,Købstad
1855,Hjørring,Flade,1378,Sogn
1855,Hjørring,Voer,1283,Sogn
1855,Hjørring,Ugilt,1209,Sogn
1855,Hjørring,Øster Brønderslev,1187,Sogn
1855,Hjørring,Sankt Olai,1075,Sogn
1855,Hjørring,Skæve,1065,Sogn
1855,Hjørring,Volstrup,1041,Sogn
1855,Hjørring,Vester Brønderslev,1031,Sogn
1855,Hjørring,Raabjerg,1011,Sogn
1855,Hjørring,Børglum,1001,Sogn
1855,Hjørring,Hørby,984,Sogn
1855,Hjørring,Sindal,979,Sogn
1855,Hjørring,Vrensted,967,Sogn
1855,Hjørring,Hellevad,956,Sogn
1855,Hjørring,Tversted,933,Sogn
1855,Hjørring,Aasted,932,Sogn
1855,Hjørring,Bindslev,931,Sogn
1855,Hjørring,Tise,923,Sogn
1855,Hjørring,Torslev,896,Sogn
1855,Hjørring,Vesterø,895,Sogn
1855,Hjørring,Tolstrup,885,Sogn
1855,Hjørring,Furreby,876,Sogn
1855,Hjørring,Byrum,866,Sogn
1855,Hjørring,Serritslev,839,Sogn
1855,Hjørring,Tranum,834,Sogn
1855,Hjørring,Hune,819,Sogn
1855,Hjørring,Hørmested,818,Sogn
1855,Hjørring,Ingstrup,816,Sogn
1855,Hjørring,Mosbjerg,811,Sogn
1855,Hjørring,Sankt Hans,806,Sogn
1855,Hjørring,Tornby,798,Sogn
1855,Hjørring,Hals,793,Sogn
1855,Hjørring,Astrup,768,Sogn
1855,Hjørring,Aaby,746,Sogn
1855,Hjørring,Vraa,743,Sogn
1855,Hjørring,Vennebjerg,734,Sogn
1855,Hjørring,Lendum,721,Sogn
1855,Hjørring,Mygdal,720,Sogn
1855,Hjørring,Gjøl,715,Sogn
1855,Hjørring,Hallund,710,Sogn
1855,Hjørring,Bjergby,698,Sogn
1855,Hjørring,Haverslev,693,Sogn
1855,Hjørring,Horne,684,Sogn
1855,Hjørring,Bejstrup,675,Sogn
1855,Hjørring,Øland,626,Sogn
1855,Hjørring,Asdal,600,Sogn
1855,Hjørring,Rakkeby,600,Sogn
1855,Hjørring,Skallerup,598,Sogn
1855,Hjørring,Jelstrup,583,Sogn
1855,Hjørring,Understed,556,Sogn
1855,Hjørring,Aggersborg,546,Sogn
1855,Hjørring,Tolne,520,Sogn
1855,Hjørring,Uggerby,508,Sogn
1855,Hjørring,Gærum,481,Sogn
1855,Hjørring,Sejlstrup,475,Sogn
1855,Hjørring,Maarup,413,Sogn
1855,Hjørring,Ørum,410,Sogn
1855,Hjørring,Rubjerg,380,Sogn
1855,Hjørring,Vidstrup,375,Sogn
1855,Hjørring,Øster Svenstrup,372,Sogn
1855,Hjørring,Vester Hjermitslev,363,Sogn
1855,Hjørring,Skærum,354,Sogn
1855,Hjørring,Hellum,344,Sogn
1855,Hjørring,Harritslev,326,Sogn
1855,Hjørring,Vejby,294,Sogn
1855,Hjørring,Alstrup,286,Sogn
1855,Hjørring,Stenum,274,Sogn
1855,Hjørring,Hæstrup,267,Sogn
1855,Hjørring,Lerup,260,Sogn
1855,Hjørring,Em,258,Sogn
1855,Hjørring,Skræm,252,Sogn
1855,Hjørring,Lyngby,244,Sogn
1855,Holbæk,Højby,2495,Sogn
1855,Holbæk,Sæby,1764,Sogn
1855,Holbæk,Vig,1581,Sogn
1855,Holbæk,Faarevejle,1489,Sogn
1855,Holbæk,Nykøbing Sjælland Købstad,1330,Købstad
1855,Holbæk,Grevinge,1325,Sogn
1855,Holbæk,Egebjerg,1244,Sogn
1855,Holbæk,Asnæs,1029,Sogn
1855,Holbæk,Vallekilde,982,Sogn
1855,Holbæk,Reerslev,938,Sogn
1855,Holbæk,Mørkøv,843,Sogn
1855,Holbæk,Tveje Merløse,838,Sogn
1855,Holbæk,Niløse,790,Sogn
1855,Holbæk,Holmstrup,758,Sogn
1855,Holbæk,Aagerup,734,Sogn
1855,Holbæk,Rørvig,723,Sogn
1855,Holbæk,Søndersted,692,Sogn
1855,Holbæk,Nørre Asmindrup,689,Sogn
1855,Holbæk,Havrebjerg,641,Sogn
1855,Holbæk,Kvanløse,636,Sogn
1855,Holbæk,Odden,619,Sogn
1855,Holbæk,Sønder Asmindrup,599,Sogn
1855,Holbæk,Sejerø,598,Sogn
1855,Holbæk,Grandløse,572,Sogn
1855,Holbæk,Avnsø,562,Sogn
1855,Holbæk,Jorløse,553,Sogn
1855,Holbæk,Eskilstrup,521,Sogn
1855,Holbæk,Bjergsted,518,Sogn
1855,Holbæk,Hørve,514,Sogn
1855,Holbæk,Søstrup,456,Sogn
1855,Holbæk,Butterup,383,Sogn
1855,Holsten,Flecken Wedel,2034,Sogn
1855,København,Taarnby,5263,Sogn
1855,København,Frederiksberg,4342,Sogn
1855,København,Lyngby,3749,Sogn
1855,København,Gentofte,3290,Sogn
1855,København,Søllerød,2924,Sogn
1855,København,Store Magleby,2400,Sogn
1855,København,Hvidovre,1894,Sogn
1855,København,Brønshøj,1733,Sogn
1855,København,Gladsakse,1630,Sogn
1855,København,Værløse,1458,Sogn
1855,København,Høje Taastrup,1424,Sogn
1855,København,Sengeløse,1357,Sogn
1855,København,Herstedvester,912,Sogn
1855,København,Herlev,832,Sogn
1855,København,Ishøj,787,Sogn
1855,København,Rødovre,602,Sogn
1855,København,Ledøje,523,Sogn
1855,København,Herstedøster,487,Sogn
1855,København,Torslunde,464,Sogn
1855,København,Vallensbæk,427,Sogn
1855,Lauenburg,Siebeneichen,1709,Sogn
1855,Maribo,Nakskov Købstad,3388,Købstad
1855,Maribo,Toreby,2509,Sogn
1855,Maribo,Horslunde,1864,Sogn
1855,Maribo,Rødby Købstad,1545,Købstad
1855,Maribo,Sandby,1289,Sogn
1855,Maribo,Vesterborg,1288,Sogn
1855,Maribo,Hunseby,1249,Sogn
1855,Maribo,Radsted,1238,Sogn
1855,Maribo,Birket,1213,Sogn
1855,Maribo,Stubbekøbing Købstad,1191,Købstad
1855,Maribo,Tingsted,1165,Sogn
1855,Maribo,Halsted,1124,Sogn
1855,Maribo,Sakskøbing Landdistrikt,1080,Delsogn
1855,Maribo,Gundslev,1074,Sogn
1855,Maribo,Købelev,1054,Sogn
1855,Maribo,Sakskøbing Købstad,1054,Købstad
1855,Maribo,Nørre Vedby,1045,Sogn
1855,Maribo,Utterslev,939,Sogn
1855,Maribo,Eskilstrup,809,Sogn
1855,Maribo,Hillested,783,Sogn
1855,Maribo,Ønslev,781,Sogn
1855,Maribo,Vaalse,751,Sogn
1855,Maribo,Brarup,743,Sogn
1855,Maribo,Taagerup,729,Sogn
1855,Maribo,Nysted Landsogn,710,Delsogn
1855,Maribo,Herredskirke,657,Sogn
1855,Maribo,Branderslev,586,Sogn
1855,Maribo,Maglebrænde,585,Sogn
1855,Maribo,Kippinge,576,Sogn
1855,Maribo,Vindeby,530,Sogn
1855,Maribo,Lillebrænde,447,Sogn
1855,Maribo,Horreby,440,Sogn
1855,Maribo,Nørre Kirkeby,391,Sogn
1855,Maribo,Stadager,349,Sogn
1855,Maribo,Engestofte,344,Sogn
1855,Maribo,Godsted,278,Sogn
1855,Maribo,Nakskov Landsogn,254,Delsogn
1855,Odense,Vissenbjerg,3152,Sogn
1855,Odense,Haarby,1879,Sogn
1855,Odense,Middelfart Købstad,1849,Købstad
1855,Odense,Lumby,1697,Sogn
1855,Odense,Fraugde,1500,Sogn
1855,Odense,Køng,1409,Sogn
1855,Odense,Tommerup,1402,Sogn
1855,Odense,Verninge,1392,Sogn
1855,Odense,Nørre Lyndelse,1347,Sogn
1855,Odense,Orte,1319,Sogn
1855,Odense,Brylle,1299,Sogn
1855,Odense,Ubberud,1168,Sogn
1855,Odense,Flemløse,1155,Sogn
1855,Odense,Kølstrup,1117,Sogn
1855,Odense,Dreslette,1073,Sogn
1855,Odense,Krogsbølle,1046,Sogn
1855,Odense,Rynkeby,1036,Sogn
1855,Odense,Munkebo,1026,Sogn
1855,Odense,Skamby,877,Sogn
1855,Odense,Paarup,872,Sogn
1855,Odense,Norup,846,Sogn
1855,Odense,Sønder Næraa,792,Sogn
1855,Odense,Rørup,734,Sogn
1855,Odense,Rønninge,700,Sogn
1855,Odense,Skydebjerg,691,Sogn
1855,Odense,Otterup,652,Sogn
1855,Odense,Skeby,649,Sogn
1855,Odense,Sønderby,645,Sogn
1855,Odense,Agedrup,642,Sogn
1855,Odense,Lunde,634,Sogn
1855,Odense,Rolsted,614,Sogn
1855,Odense,Hjadstrup,589,Sogn
1855,Odense,Korup,564,Sogn
1855,Odense,Bellinge,558,Sogn
1855,Odense,Stenløse,533,Sogn
1855,Odense,Østrup,526,Sogn
1855,Odense,Nørre Næraa,519,Sogn
1855,Odense,Ørsted,507,Sogn
1855,Odense,Brændekilde,492,Sogn
1855,Odense,Nørre Søby,473,Sogn
1855,Odense,Allerup,438,Sogn
1855,Odense,Højby,429,Sogn
1855,Odense,Allesø,425,Sogn
1855,Odense,Aasum,425,Sogn
1855,Odense,Søby,401,Sogn
1855,Odense,Ørslev,395,Sogn
1855,Odense,Uggerslev,393,Sogn
1855,Odense,Balslev,390,Sogn
1855,Odense,Søllested,388,Sogn
1855,Odense,Helnæs,360,Sogn
1855,Odense,Davinde,354,Sogn
1855,Odense,Seden,321,Sogn
1855,Odense,Vedtofte,310,Sogn
1855,Odense,Baagø,232,Sogn
1855,Odense,Middelfart Landdistrikt,224,Delsogn
1855,Præstø,Kalvehave,2929,Sogn
1855,Præstø,Fakse,2924,Sogn
1855,Præstø,Snesere,1566,Sogn
1855,Præstø,Vordingborg Landsogn,1546,Delsogn
1855,Præstø,Store Heddinge Landsogn,1449,Delsogn
1855,Præstø,Vordingborg Købstad,1395,Købstad
1855,Præstø,Øster Egesborg,1274,Sogn
1855,Præstø,Mern,1208,Sogn
1855,Præstø,Magleby Stevns,1111,Sogn
1855,Præstø,Jungshoved,1084,Sogn
1855,Præstø,Strøby,1052,Sogn
1855,Præstø,Hellested,1037,Sogn
1855,Præstø,Holtug,995,Sogn
1855,Præstø,Kastrup,974,Sogn
1855,Præstø,Ørslev,843,Sogn
1855,Præstø,Lyderslev,828,Sogn
1855,Præstø,Haarlev,790,Sogn
1855,Præstø,Smerup,764,Sogn
1855,Præstø,Udby,683,Sogn
1855,Præstø,Vester Egede,633,Sogn
1855,Præstø,Ulse,570,Sogn
1855,Præstø,Havnelev,532,Sogn
1855,Præstø,Lille Heddinge,524,Sogn
1855,Præstø,Spjellerup,478,Sogn
1855,Præstø,Alslev,456,Sogn
1855,Præstø,Frøslev,437,Sogn
1855,Præstø,Rislev,436,Sogn
1855,Præstø,Højerup,334,Sogn
1855,Præstø,Varpelev,302,Sogn
1855,Præstø,Vemmetofte,290,Sogn
1855,Randers,Udbyneder,949,Sogn
1855,Randers,Ødum,711,Sogn
1855,Randers,Mariager Landsogn,688,Delsogn
1855,Randers,Helgenæs,662,Sogn
1855,Randers,Mariager Købstad,578,Købstad
1855,Randers,Voldum,512,Sogn
1855,Randers,Marie Magdalene,498,Sogn
1855,Randers,Hjortshøj,454,Sogn
1855,Randers,Voer,345,Sogn
1855,Randers,Knebel,313,Sogn
1855,Randers,Kousted,254,Sogn
1855,Ribe,Varde Købstad,1871,Købstad
1855,Ribe,Nordby,1870,Sogn
1855,Ribe,Vamdrup,1558,Sogn
1855,Ribe,Ølgod,1545,Sogn
1855,Ribe,Føvling,1370,Sogn
1855,Ribe,Andst,1187,Sogn
1855,Ribe,Lejrskov,1182,Sogn
1855,Ribe,Skanderup,1137,Sogn
1855,Ribe,Sønderho,1049,Sogn
1855,Ribe,Aal,975,Sogn
1855,Ribe,Guldager,973,Sogn
1855,Ribe,Henne,862,Sogn
1855,Ribe,Gesten,859,Sogn
1855,Ribe,Malt,841,Sogn
1855,Ribe,Ansager,825,Sogn
1855,Ribe,Seest,797,Sogn
1855,Ribe,Oksby,784,Sogn
1855,Ribe,Brørup,773,Sogn
1855,Ribe,Ovtrup,761,Sogn
1855,Ribe,Janderup,725,Sogn
1855,Ribe,Vorbasse,721,Sogn
1855,Ribe,Vilslev (Kongerigsk),719,Sogn
1855,Ribe,Tjæreborg,703,Sogn
1855,Ribe,Horne,696,Sogn
1855,Ribe,Vejen,688,Sogn
1855,Ribe,Faaborg,681,Sogn
1855,Ribe,Jernved,675,Sogn
1855,Ribe,Jerne,662,Sogn
1855,Ribe,Holsted,658,Sogn
1855,Ribe,Lindknud,653,Sogn
1855,Ribe,Bække,637,Sogn
1855,Ribe,Grimstrup,635,Sogn
1855,Ribe,Bryndum,629,Sogn
1855,Ribe,Læborg,625,Sogn
1855,Ribe,Lunde,624,Sogn
1855,Ribe,Darum,624,Sogn
1855,Ribe,Tistrup,615,Sogn
1855,Ribe,Hejnsvig,562,Sogn
1855,Ribe,Hunderup,546,Sogn
1855,Ribe,Grindsted,530,Sogn
1855,Ribe,Øse,530,Sogn
1855,Ribe,Torstrup,513,Sogn
1855,Ribe,Veerst,505,Sogn
1855,Ribe,Hjarup,505,Sogn
1855,Ribe,Seem (Kongerigsk),495,Sogn
1855,Ribe,Billum,494,Sogn
1855,Ribe,Skast,486,Sogn
1855,Ribe,Nørre Nebel,486,Sogn
1855,Ribe,Farup (Kongerigsk),485,Sogn
1855,Ribe,Jordrup,485,Sogn
1855,Ribe,Sneum,457,Sogn
1855,Ribe,Folding,443,Sogn
1855,Ribe,Alslev,442,Sogn
1855,Ribe,Aastrup,438,Sogn
1855,Ribe,Vejrup,434,Sogn
1855,Ribe,Vester Nebel,425,Sogn
1855,Ribe,Kvong,416,Sogn
1855,Ribe,Vester Nykirke,400,Sogn
1855,Ribe,Aarre,383,Sogn
1855,Ribe,Kalvslund,374,Sogn
1855,Ribe,Vester Vedsted (Kongerigsk),370,Sogn
1855,Ribe,Lydum,365,Sogn
1855,Ribe,Varde Landsogn,364,Delsogn
1855,Ribe,Hostrup,363,Sogn
1855,Ribe,Ribe Sankt Katharinæ landsogn,362,Sogn
1855,Ribe,Grene,344,Sogn
1855,Ribe,Ho,295,Sogn
1855,Ribe,Næsbjerg,277,Sogn
1855,Ribe,Kalvslund (Slesvigsk),268,Sogn
1855,Ribe,Bramming,264,Sogn
1855,Ribe,Vester Vedsted (Slesvigsk),259,Sogn
1855,Ribe,Lønne,257,Sogn
1855,Ribe,Mandø,226,Sogn
1855,Ribe,Vester Starup,222,Sogn
1855,Ribe,Vilslev (Slesvigsk),213,Sogn
1855,Ribe,Farup (Slesvigsk),211,Sogn
1855,Ribe,Hodde,207,Sogn
1855,Ringkøbing,Nysogn,1593,Sogn
1855,Ringkøbing,Holstebro Købstad,1525,Købstad
1855,Ringkøbing,Ringkøbing Købstad,1331,Købstad
1855,Ringkøbing,Nørre Bork,1329,Sogn
1855,Ringkøbing,Gjellerup,1251,Sogn
1855,Ringkøbing,Harboør,1241,Sogn
1855,Ringkøbing,Sevel,1168,Sogn
1855,Ringkøbing,Ikast,1164,Sogn
1855,Ringkøbing,Hee,1126,Sogn
1855,Ringkøbing,Lemvig Købstad,1108,Købstad
1855,Ringkøbing,Borbjerg,1013,Sogn
1855,Ringkøbing,Sahl,942,Sogn
1855,Ringkøbing,Avlum,925,Sogn
1855,Ringkøbing,Ulfborg,906,Sogn
1855,Ringkøbing,Lønborg,898,Sogn
1855,Ringkøbing,Hjerm,889,Sogn
1855,Ringkøbing,Rind,866,Sogn
1855,Ringkøbing,Sønder Bork,862,Sogn
1855,Ringkøbing,Haderup,860,Sogn
1855,Ringkøbing,Skjern,841,Sogn
1855,Ringkøbing,Snejbjerg,833,Sogn
1855,Ringkøbing,Ejsing,806,Sogn
1855,Ringkøbing,Staby,799,Sogn
1855,Ringkøbing,Sønder Borris,780,Sogn
1855,Ringkøbing,Vorgod,759,Sogn
1855,Ringkøbing,Herning,748,Sogn
1855,Ringkøbing,Bøvling,743,Sogn
1855,Ringkøbing,Bording,733,Sogn
1855,Ringkøbing,Stadil,733,Sogn
1855,Ringkøbing,Sunds,730,Sogn
1855,Ringkøbing,Gudum,722,Sogn
1855,Ringkøbing,Brejning,710,Sogn
1855,Ringkøbing,Sønder Lem,709,Sogn
1855,Ringkøbing,Dejbjerg,693,Sogn
1855,Ringkøbing,Stavning,685,Sogn
1855,Ringkøbing,Sønder Nissum,676,Sogn
1855,Ringkøbing,Gimsing,661,Sogn
1855,Ringkøbing,Tim,650,Sogn
1855,Ringkøbing,Lomborg,635,Sogn
1855,Ringkøbing,Nørre Nissum,633,Sogn
1855,Ringkøbing,Mejrup,627,Sogn
1855,Ringkøbing,Estvad,623,Sogn
1855,Ringkøbing,Aadum,598,Sogn
1855,Ringkøbing,Vejrum,598,Sogn
1855,Ringkøbing,Ryde,587,Sogn
1855,Ringkøbing,Tvis,581,Sogn
1855,Ringkøbing,Velling,577,Sogn
1855,Ringkøbing,Vedersø,565,Sogn
1855,Ringkøbing,Resen,558,Sogn
1855,Ringkøbing,Husby,550,Sogn
1855,Ringkøbing,Egvad,547,Sogn
1855,Ringkøbing,Møborg,545,Sogn
1855,Ringkøbing,Nees,540,Sogn
1855,Ringkøbing,Fabjerg,536,Sogn
1855,Ringkøbing,Skarrild,534,Sogn
1855,Ringkøbing,Hygum,492,Sogn
1855,Ringkøbing,Ørre,487,Sogn
1855,Ringkøbing,Tørring,482,Sogn
1855,Ringkøbing,Vinding,464,Sogn
1855,Ringkøbing,Hanning,463,Sogn
1855,Ringkøbing,Fjaltring,453,Sogn
1855,Ringkøbing,Vandborg,446,Sogn
1855,Ringkøbing,Hove,438,Sogn
1855,Ringkøbing,Hemmet,432,Sogn
1855,Ringkøbing,Vildbjerg,430,Sogn
1855,Ringkøbing,Nørlem,423,Sogn
1855,Ringkøbing,Timring,422,Sogn
1855,Ringkøbing,Rindum,414,Sogn
1855,Ringkøbing,Dybe,413,Sogn
1855,Ringkøbing,Handbjerg,401,Sogn
1855,Ringkøbing,Assing,397,Sogn
1855,Ringkøbing,Flynder,396,Sogn
1855,Ringkøbing,Sinding,396,Sogn
1855,Ringkøbing,Lyne,392,Sogn
1855,Ringkøbing,Sønder Felding,392,Sogn
1855,Ringkøbing,Maabjerg,390,Sogn
1855,Ringkøbing,Humlum,389,Sogn
1855,Ringkøbing,Nørre Omme,384,Sogn
1855,Ringkøbing,Faster,378,Sogn
1855,Ringkøbing,Idom,378,Sogn
1855,Ringkøbing,Navr,375,Sogn
1855,Ringkøbing,Ramme,362,Sogn
1855,Ringkøbing,Nørre Felding,354,Sogn
1855,Ringkøbing,Strellev,352,Sogn
1855,Ringkøbing,Tjørring,339,Sogn
1855,Ringkøbing,Hoven,337,Sogn
1855,Ringkøbing,Vind,330,Sogn
1855,Ringkøbing,Madum,319,Sogn
1855,Ringkøbing,Asp,316,Sogn
1855,Ringkøbing,Sønder Vium,315,Sogn
1855,Ringkøbing,Raasted,287,Sogn
1855,Ringkøbing,Torsted,285,Sogn
1855,Ringkøbing,Ferring,277,Sogn
1855,Ringkøbing,Arnborg,277,Sogn
1855,Ringkøbing,Bølling,274,Sogn
1855,Ringkøbing,Fovsing,274,Sogn
1855,Ringkøbing,Rom,273,Sogn
1855,Ringkøbing,Hodsager,271,Sogn
1855,Ringkøbing,Nøvling,261,Sogn
1855,Ringkøbing,Gammelsogn,260,Sogn
1855,Ringkøbing,Trans,247,Sogn
1855,Ringkøbing,Sir,243,Sogn
1855,Ringkøbing,Sædding,237,Sogn
1855,Ringkøbing,Vemb,234,Sogn
1855,Ringkøbing,Nørre Vium,232,Sogn
1855,Ringkøbing,Gørding,214,Sogn
1855,Ringkøbing,Ølby,206,Sogn
1855,Ringkøbing,Rønbjerg,206,Sogn
1855,Ringkøbing,Hover,202,Sogn
1855,Roskilde,Køge Købstad,2659,Købstad
1855,Roskilde,Borup,935,Sogn
1855,Roskilde,Syv,834,Sogn
1855,Roskilde,Osted,777,Sogn
1855,Roskilde,Hvalsø,759,Sogn
1855,Roskilde,Daastrup,693,Sogn
1855,Roskilde,Greve,689,Sogn
1855,Roskilde,Kildebrønde,658,Sogn
1855,Roskilde,Snoldelev,605,Sogn
1855,Roskilde,Reerslev,605,Sogn
1855,Roskilde,Ørsted,595,Sogn
1855,Roskilde,Hvedstrup,569,Sogn
1855,Roskilde,Karlslunde,561,Sogn
1855,Roskilde,Gadstrup,556,Sogn
1855,Roskilde,Aagerup,548,Sogn
1855,Roskilde,Jyllinge,547,Sogn
1855,Roskilde,Særløse,500,Sogn
1855,Roskilde,Svogerslev,475,Sogn
1855,Roskilde,Glim,353,Sogn
1855,Roskilde,Kisserup,324,Sogn
1855,Roskilde,Køge Landdistrikt,304,Delsogn
1855,Roskilde,Fløng,300,Sogn
1855,Roskilde,Rorup,285,Sogn
1855,Roskilde,Kornerup,244,Sogn
1855,Roskilde,Kimmerslev,210,Sogn
1855,Roskilde,Gershøj,208,Sogn
1855,Skanderborg,Them,1954,Sogn
1855,Skanderborg,Silkeborg Handelsplads,1204,Sogn
1855,Skanderborg,Linaa,1180,Sogn
1855,Skanderborg,Ovsted,1118,Sogn
1855,Skanderborg,Veng,1082,Sogn
1855,Skanderborg,Hylke,1066,Sogn
1855,Skanderborg,Gammel Rye,958,Sogn
1855,Skanderborg,Ejstrup,787,Sogn
1855,Skanderborg,Tørring,716,Sogn
1855,Skanderborg,Tulstrup,697,Sogn
1855,Skanderborg,Voerladegaard,683,Sogn
1855,Skanderborg,Taaning,543,Sogn
1855,Skanderborg,Vrads,363,Sogn
1855,Skanderborg,Stilling,239,Sogn
1855,Skanderborg,Alling,226,Sogn
1855,Sorø,Munke Bjergby,1168,Sogn
1855,Sorø,Kværkeby,1115,Sogn
1855,Sorø,Ringsted Landsogn,1048,Delsogn
1855,Sorø,Alsted,1017,Sogn
1855,Sorø,Vigersted,866,Sogn
1855,Sorø,Valsølille,739,Sogn
1855,Sorø,Bromme,594,Sogn
1855,Sorø,Jystrup,563,Sogn
1855,Sorø,Lundforlund,390,Sogn
1855,Sorø,Omø,221,Sogn
1855,Sorø,Kirkerup,201,Sogn
1855,Svendborg,Svendborg Købstad,5275,Købstad
1855,Svendborg,Bregninge (Taasinge),1950,Sogn
1855,Svendborg,Skaarup,1750,Sogn
1855,Svendborg,Svanninge,1548,Sogn
1855,Svendborg,Stenstrup,1398,Sogn
1855,Svendborg,Bjerreby,1369,Sogn
1855,Svendborg,Hesselager,1343,Sogn
1855,Svendborg,Landet,1065,Sogn
1855,Svendborg,Kværndrup,1013,Sogn
1855,Svendborg,Egense,976,Sogn
1855,Svendborg,Tved,952,Sogn
1855,Svendborg,Thurø,900,Sogn
1855,Svendborg,Sørup,855,Sogn
1855,Svendborg,Sankt Jørgens,854,Sogn
1855,Svendborg,Ullerslev,841,Sogn
1855,Svendborg,Lunde,810,Sogn
1855,Svendborg,Ryslinge,755,Sogn
1855,Svendborg,Kirkeby,730,Sogn
1855,Svendborg,Svindinge,691,Sogn
1855,Svendborg,Strynø,689,Sogn
1855,Svendborg,Ollerup,679,Sogn
1855,Svendborg,Haastrup,621,Sogn
1855,Svendborg,Drejø,602,Sogn
1855,Svendborg,Gestelev,563,Sogn
1855,Svendborg,Brudager,517,Sogn
1855,Svendborg,Ellinge,510,Sogn
1855,Svendborg,Ørbæk,497,Sogn
1855,Svendborg,Søllinge,485,Sogn
1855,Svendborg,Øster Skerninge,470,Sogn
1855,Svendborg,Fodslette,458,Sogn
1855,Svendborg,Allested,451,Sogn
1855,Svendborg,Langaa,372,Sogn
1855,Svendborg,Avernakø,344,Sogn
1855,Svendborg,Lyø,306,Sogn
1855,Thisted,Thisted Købstad,2763,Købstad
1855,Thisted,Vestervig,1978,Sogn
1855,Thisted,Nykøbing Mors Købstad,1748,Købstad
1855,Thisted,Hvidbjerg,1511,Sogn
1855,Thisted,Hillerslev,1181,Sogn
1855,Thisted,Hundborg,1117,Sogn
1855,Thisted,Snedsted,1038,Sogn
1855,Thisted,Ydby,893,Sogn
1855,Thisted,Sjørring,806,Sogn
1855,Thisted,Karby,805,Sogn
1855,Thisted,Lødderup,770,Sogn
1855,Thisted,Stagstrup,751,Sogn
1855,Thisted,Kettrup,735,Sogn
1855,Thisted,Sennels,727,Sogn
1855,Thisted,Tømmerby,723,Sogn
1855,Thisted,Bedsted,719,Sogn
1855,Thisted,Øster Assels,711,Sogn
1855,Thisted,Vester Vandet,687,Sogn
1855,Thisted,Nors,683,Sogn
1855,Thisted,Hørdum,680,Sogn
1855,Thisted,Kollerup,678,Sogn
1855,Thisted,Sejerslev,660,Sogn
1855,Thisted,Klim,655,Sogn
1855,Thisted,Lild,645,Sogn
1855,Thisted,Østerild,640,Sogn
1855,Thisted,Heltborg,624,Sogn
1855,Thisted,Gøttrup,616,Sogn
1855,Thisted,Skyum,595,Sogn
1855,Thisted,Tødsø,592,Sogn
1855,Thisted,Skjoldborg,576,Sogn
1855,Thisted,Ræhr,573,Sogn
1855,Thisted,Øsløs,571,Sogn
1855,Thisted,Flade,549,Sogn
1855,Thisted,Nørhaa,538,Sogn
1855,Thisted,Solbjerg,529,Sogn
1855,Thisted,Hjardemaal,521,Sogn
1855,Thisted,Vang,520,Sogn
1855,Thisted,Thisted Landsogn,509,Delsogn
1855,Thisted,Redsted,501,Sogn
1855,Thisted,Galtrup,491,Sogn
1855,Thisted,Sønderhaa,488,Sogn
1855,Thisted,Søndbjerg,488,Sogn
1855,Thisted,Hvidbjerg,484,Sogn
1855,Thisted,Odby,482,Sogn
1855,Thisted,Agger,478,Sogn
1855,Thisted,Hurup,476,Sogn
1855,Thisted,Vester Torup,474,Sogn
1855,Thisted,Bjergby,474,Sogn
1855,Thisted,Hvidbjerg Vesten Aa,465,Sogn
1855,Thisted,Villerslev,464,Sogn
1855,Thisted,Frøslev,459,Sogn
1855,Thisted,Erslev,459,Sogn
1855,Thisted,Vejerslev,459,Sogn
1855,Thisted,Ørding,450,Sogn
1855,Thisted,Sundby,446,Sogn
1855,Thisted,Vester Assels,422,Sogn
1855,Thisted,Lyngs,411,Sogn
1855,Thisted,Hunstrup,402,Sogn
1855,Thisted,Gettrup,396,Sogn
1855,Thisted,Boddum,376,Sogn
1855,Thisted,Jegindø,371,Sogn
1855,Thisted,Arup,369,Sogn
1855,Thisted,Tved,349,Sogn
1855,Thisted,Harring,343,Sogn
1855,Thisted,Hjortdal,341,Sogn
1855,Thisted,Alsted,339,Sogn
1855,Thisted,Ovtrup,334,Sogn
1855,Thisted,Vesløs,329,Sogn
1855,Thisted,Ørum,322,Sogn
1855,Thisted,Ejerslev,312,Sogn
1855,Thisted,Vust,310,Sogn
1855,Thisted,Skinnerup,300,Sogn
1855,Thisted,Grurup,295,Sogn
1855,Thisted,Skallerup,294,Sogn
1855,Thisted,Sønder Draaby,293,Sogn
1855,Thisted,Hassing,285,Sogn
1855,Thisted,Tilsted,276,Sogn
1855,Thisted,Elsø,272,Sogn
1855,Thisted,Dragstrup,259,Sogn
1855,Thisted,Helligsø,254,Sogn
1855,Thisted,Jørsby,250,Sogn
1855,Thisted,Tæbring,237,Sogn
1855,Thisted,Visby,227,Sogn
1855,Thisted,Jannerup,224,Sogn
1855,Thisted,Mollerup,221,Sogn
1855,Thisted,Rakkeby,204,Sogn
1855,Thisted,Torsted,202,Sogn
1855,Tønder,Ballum,1501,Sogn
1855,Tønder,Møgeltønder (Kongerigsk),1475,Sogn
1855,Tønder,Brede,1041,Sogn
1855,Tønder,Rømø,830,Sogn
1855,Tønder,Døstrup (Slesvigsk),776,Sogn
1855,Tønder,Visby (Kongerigsk),730,Sogn
1855,Tønder,Sankt Clemens,635,Sogn
1855,Tønder,Daler (Kongerigsk),620,Sogn
1855,Tønder,Emmerlev,612,Sogn
1855,Tønder,Højer Landsogn (slesvigsk),371,Delsogn
1855,Tønder,Mjolden (Kongerigsk),347,Sogn
1855,Tønder,Randerup (Kongerigsk),234,Sogn
1855,Vejle,Sindbjerg,1222,Sogn
1855,Vejle,Hedensted,1221,Sogn
1855,Vejle,Sønder Stenderup,1051,Sogn
1855,Vejle,Brande,1007,Sogn
1855,Vejle,Grejs,846,Sogn
1855,Vejle,Ødis (Slesvisk),744,Sogn
1855,Vejle,Almind,741,Sogn
1855,Vejle,Skjold,711,Sogn
1855,Vejle,Daugaard,643,Sogn
1855,Vejle,Viuf,627,Sogn
1855,Vejle,Langskov,588,Sogn
1855,Vejle,Harte,568,Sogn
1855,Vejle,Ringive,513,Sogn
1855,Vejle,Ørum,400,Sogn
1855,Vejle,Urlev,298,Sogn
1855,Vejle,Hornum,258,Sogn
1855,Viborg,Fur,1001,Sogn
1855,Viborg,Balle,751,Sogn
1855,Viborg,Simested,617,Sogn
1855,Viborg,Skals,614,Sogn
1855,Viborg,Asmild,593,Sogn
1855,Viborg,Vester Bølle,502,Sogn
1855,Viborg,Lihme,497,Sogn
1855,Viborg,Vorde,480,Sogn
1855,Viborg,Skjød,466,Sogn
1855,Viborg,Sall,430,Sogn
1855,Viborg,Vinkel,393,Sogn
1855,Viborg,Ulbjerg,389,Sogn
1855,Viborg,Gedsted,349,Sogn
1855,Viborg,Klejtrup,331,Sogn
1855,Viborg,Ramsing,326,Sogn
1855,Viborg,Fjeldsø,323,Sogn
1855,Viborg,Serup,320,Sogn
1855,Viborg,Øster Bølle,318,Sogn
1855,Viborg,Sejling,293,Sogn
1855,Viborg,Dollerup,288,Sogn
1855,Viborg,Lynderup,287,Sogn
1855,Viborg,Haurum,285,Sogn
1855,Viborg,Elsborg,273,Sogn
1855,Viborg,Laastrup,271,Sogn
1855,Viborg,Hvilsom,271,Sogn
1855,Viborg,Hvam,254,Sogn
1855,Viborg,Fiskbæk,252,Sogn
1855,Viborg,Sinding,252,Sogn
1855,Viborg,Hersom,250,Sogn
1855,Viborg,Romlund,248,Sogn
1855,Viborg,Vester Tostrup,227,Sogn
1855,Viborg,Roum,222,Sogn
1855,Viborg,Thorsø,218,Sogn
